timestamp,source_ip,dest_ip,port,protocol,bytes_sent,bytes_received,connections
2025-09-19 18:32:05,142.238.42.49,7.24.31.160,53,HTTP,2170,1084,1
2025-09-19 18:32:06,93.74.21.66,103.174.58.70,443,HTTP,3535,7551,1
2025-09-19 18:32:07,137.120.1.184,126.185.36.182,25,UDP,8736,2468,2
2025-09-19 18:32:08,83.148.118.178,15.39.143.160,443,HTTP,4806,2193,8
2025-09-19 18:32:09,198.240.185.126,217.69.74.160,993,HTTP,1218,9437,7
2025-09-19 18:32:10,61.21.188.249,56.222.27.210,80,HTTPS,9060,3695,8
2025-09-19 18:32:11,54.213.148.87,58.90.169.41,80,HTTPS,1920,7955,7
2025-09-19 18:32:12,176.233.170.84,23.40.56.29,995,HTTPS,6679,7784,7
2025-09-19 18:32:13,38.50.164.226,43.87.10.28,993,UDP,6732,5149,10
2025-09-19 18:32:14,4.180.225.35,55.229.113.33,993,UDP,9097,3694,7
2025-09-19 18:32:15,192.97.194.62,18.153.52.204,110,HTTP,5897,8590,1
2025-09-19 18:32:16,184.190.66.236,218.85.205.60,25,TCP,8018,4675,1
2025-09-19 18:32:17,181.182.4.68,140.210.189.1,443,UDP,6113,5186,8
2025-09-19 18:32:18,218.222.115.11,34.28.180.30,443,HTTPS,3584,2703,6
2025-09-19 18:32:19,70.4.205.207,214.6.8.175,443,UDP,6665,3735,9
2025-09-19 18:32:20,117.27.228.61,14.250.71.144,22,HTTP,1438,7752,6
2025-09-19 18:32:21,199.118.153.117,9.23.60.188,80,HTTP,1138,410,5
2025-09-19 18:32:22,134.255.236.119,96.85.249.245,110,TCP,4514,4776,4
2025-09-19 18:32:23,182.17.34.67,8.247.124.56,995,HTTP,1942,5120,10
2025-09-19 18:32:24,35.57.11.107,102.7.239.83,993,HTTP,5492,5408,6
2025-09-19 18:32:25,202.169.39.152,191.138.110.98,25,HTTPS,1539,4340,10
2025-09-19 18:32:26,87.172.29.100,191.241.242.125,110,TCP,9426,1032,7
2025-09-19 18:32:27,31.141.203.154,134.108.189.150,995,TCP,8262,9745,4
2025-09-19 18:32:28,95.207.193.9,121.123.93.118,443,HTTPS,1034,8702,8
2025-09-19 18:32:29,184.42.179.8,77.100.133.89,25,TCP,8080,4193,10
2025-09-19 18:32:30,48.2.195.118,13.148.212.221,21,HTTP,655317,733672,127
2025-09-19 18:32:31,119.138.25.30,115.73.145.121,443,TCP,3562,8184,1
2025-09-19 18:32:32,117.218.255.37,13.35.60.149,443,TCP,2373,2470,8
2025-09-19 18:32:33,122.224.56.4,150.114.168.202,22,HTTP,5932,4201,5
2025-09-19 18:32:34,134.130.171.116,137.221.31.199,22,HTTPS,8557,6617,1
2025-09-19 18:32:35,211.167.209.204,188.41.153.252,995,TCP,7451,7703,6
2025-09-19 18:32:36,142.57.80.122,51.19.173.229,53,TCP,6816,2939,2
2025-09-19 18:32:37,76.124.13.0,187.50.19.232,110,HTTPS,1160,6695,6
2025-09-19 18:32:39,58.188.39.152,4.217.119.110,80,UDP,1331,5554,6
2025-09-19 18:32:40,97.6.30.199,200.241.245.141,53,HTTPS,638,6803,8
2025-09-19 18:32:41,143.14.191.173,209.206.40.186,21,UDP,337,9795,4
2025-09-19 18:32:42,90.139.88.226,51.109.236.183,22,UDP,1065,9086,10
2025-09-19 18:32:43,183.6.72.146,49.160.6.91,110,HTTP,2849,8802,9
2025-09-19 18:32:44,24.120.130.75,152.203.202.227,21,HTTP,1922,551,7
2025-09-19 18:32:45,49.7.111.192,11.142.188.250,443,HTTPS,6139,2441,1
2025-09-19 18:32:46,196.224.230.185,216.29.193.73,53,HTTPS,692357,286778,151
2025-09-19 18:32:48,125.60.218.32,96.207.162.240,110,HTTPS,2978,2828,10
2025-09-19 18:32:49,101.251.102.170,213.122.209.248,110,UDP,9614,5111,10
2025-09-19 18:32:50,37.82.143.69,180.43.54.10,4444,HTTP,9341,4435,5
2025-09-19 18:32:51,138.102.62.37,171.207.160.31,443,UDP,271,131,2
2025-09-19 18:32:52,85.68.97.112,49.125.10.25,995,HTTP,9981,7129,7
2025-09-19 18:32:53,95.36.216.191,131.64.46.32,25,TCP,9044,3278,6
2025-09-19 18:32:54,160.197.58.3,168.44.195.94,22,HTTP,3905,8207,7
2025-09-19 18:32:55,60.68.112.100,94.5.37.19,993,TCP,881,3170,8
2025-09-19 18:32:56,8.27.124.177,28.255.88.200,4444,UDP,5626,9409,9
2025-09-19 18:32:57,90.59.106.149,42.13.155.8,53,HTTPS,2718,2910,2
2025-09-19 18:32:58,194.90.136.198,177.35.222.131,110,TCP,8208,4646,4
2025-09-19 18:32:59,13.163.226.195,209.157.238.234,443,HTTPS,5271,2028,1
2025-09-19 18:33:00,98.59.59.156,118.167.208.112,995,HTTP,246759,316068,119
2025-09-19 18:33:01,169.105.104.168,90.221.108.158,110,HTTP,9601,1614,3
2025-09-19 18:33:02,193.116.124.184,174.68.115.159,21,HTTP,2519,8289,4
2025-09-19 18:33:03,37.110.6.239,76.208.217.143,21,UDP,6457,3863,7
2025-09-19 18:33:04,148.161.221.56,76.210.128.135,995,HTTP,4219,3448,8
2025-09-19 18:33:06,141.172.216.132,94.107.97.71,80,HTTPS,8284,6100,9
2025-09-19 18:33:07,214.223.236.1,37.8.232.227,21,HTTP,4661,3314,4
2025-09-19 18:33:08,180.8.59.197,21.18.72.87,995,HTTP,7120,1080,8
2025-09-19 18:33:09,212.0.191.182,86.153.176.240,993,TCP,4728,615,10
2025-09-19 18:33:10,169.251.80.88,49.24.2.49,25,TCP,4379,8052,8
2025-09-19 18:33:11,216.141.45.111,129.74.95.97,25,UDP,8957,4301,6
2025-09-19 18:33:12,29.116.83.154,178.131.99.205,993,TCP,5948,4476,9
2025-09-19 18:33:13,159.24.188.184,45.145.246.93,25,HTTP,872,1324,4
2025-09-19 18:33:14,80.103.92.39,90.239.19.59,53,TCP,6454,8676,2
2025-09-19 18:33:15,138.204.247.126,88.161.87.222,25,UDP,4278,8047,8
2025-09-19 18:33:16,170.233.55.110,184.131.171.111,110,UDP,3953,9568,9
2025-09-19 18:33:17,8.30.183.112,84.38.193.84,21,HTTP,8819,7446,6
2025-09-19 18:33:18,215.183.144.152,32.60.126.247,22,HTTPS,2848,4391,3
2025-09-19 18:33:19,86.113.11.111,17.237.240.205,25,HTTP,5968,5005,2
2025-09-19 18:33:20,145.182.219.237,156.226.4.182,80,HTTPS,354890,137083,117
2025-09-19 18:33:21,88.35.191.247,4.137.98.247,110,TCP,5262,7326,2
2025-09-19 18:33:22,113.177.85.222,107.184.124.156,993,HTTPS,2929,9319,7
2025-09-19 18:33:23,174.150.3.235,112.187.205.113,80,HTTP,9793,4373,6
2025-09-19 18:33:24,154.196.139.50,120.158.45.15,110,HTTP,2133,9959,5
2025-09-19 18:33:25,83.53.139.142,118.149.170.18,25,HTTP,9891,6873,2
2025-09-19 18:33:26,70.135.72.58,42.221.123.176,25,HTTPS,7331,2458,6
2025-09-19 18:33:27,45.84.221.103,124.13.150.82,21,HTTP,3093,8405,8
2025-09-19 18:33:28,187.46.19.171,6.208.37.253,21,HTTPS,7016,6895,2
2025-09-19 18:33:29,215.37.64.117,145.250.252.57,21,UDP,289,1317,3
2025-09-19 18:33:30,82.125.37.142,207.36.46.7,21,TCP,1363,8804,7
2025-09-19 18:33:31,163.73.105.229,158.155.164.129,80,HTTPS,3051,6123,6
2025-09-19 18:33:34,193.234.93.4,87.36.3.106,995,HTTPS,8981,8924,4
2025-09-19 18:33:35,23.72.167.184,132.208.127.133,21,HTTP,6311,1194,6
2025-09-19 18:33:37,88.10.167.113,21.177.118.247,110,TCP,6721,685,10
2025-09-19 18:33:38,39.104.70.197,115.168.157.28,22,HTTPS,3873,6559,7
2025-09-19 18:33:39,137.37.56.222,8.125.133.167,993,UDP,4905,5531,8
2025-09-19 18:33:40,98.19.242.120,190.30.124.99,110,TCP,7301,498,1
2025-09-19 18:33:41,26.129.228.245,121.29.185.153,110,TCP,3760,6293,2
2025-09-19 18:33:42,41.39.255.195,82.196.193.189,22,HTTPS,6424,6635,7
2025-09-19 18:33:43,78.38.162.59,14.195.1.53,110,TCP,9058,8864,6
2025-09-19 18:33:44,49.89.152.31,59.172.77.40,22,UDP,329,9052,5
2025-09-19 18:33:45,72.45.48.45,144.199.199.20,22,UDP,9812,4110,2
2025-09-19 18:33:46,147.219.98.49,199.65.72.23,22,HTTP,467305,490101,163
2025-09-19 18:33:47,177.182.211.66,55.161.23.181,6666,UDP,4084,6604,4
2025-09-19 18:33:48,223.58.239.158,149.105.186.146,993,UDP,211,5058,5
2025-09-19 18:33:49,47.217.206.235,139.203.207.21,21,HTTPS,3040,2551,10
2025-09-19 18:33:50,8.105.223.81,202.26.234.58,443,UDP,7329,5532,5
2025-09-19 18:33:51,158.83.42.68,17.48.244.200,21,HTTP,5315,5469,4
2025-09-19 18:33:52,11.195.120.242,139.9.251.208,22,HTTP,6871,4705,9
2025-09-19 18:33:53,47.241.125.207,151.71.252.232,53,UDP,6208,4722,6
2025-09-19 18:33:54,197.75.113.143,97.152.62.22,110,HTTPS,2788,6730,4
2025-09-19 18:33:55,16.197.21.88,7.75.48.82,53,HTTP,4821,7842,8
2025-09-19 18:33:56,88.35.215.80,183.38.52.206,25,UDP,5831,3168,9
2025-09-19 18:33:57,91.53.43.182,28.48.161.55,21,HTTPS,7288,3974,9
2025-09-19 18:33:58,16.79.160.21,53.218.222.53,443,HTTP,6651,9110,4
2025-09-19 18:33:59,202.96.147.45,52.209.214.194,995,HTTP,389582,603814,116
2025-09-19 18:34:01,223.16.222.57,197.72.47.90,6666,HTTP,1608,9746,9
2025-09-19 18:34:02,88.8.196.249,116.200.196.101,443,HTTP,7723,5596,2
2025-09-19 18:34:03,164.91.70.24,122.233.66.197,21,UDP,3336,8961,10
2025-09-19 18:34:04,22.231.191.50,19.84.4.165,31337,TCP,6214,1434,2
2025-09-19 18:34:05,155.70.21.130,40.45.138.71,22,HTTP,875,1371,9
2025-09-19 18:34:06,125.33.215.183,129.52.175.181,80,UDP,2300,635,1
2025-09-19 18:34:08,71.218.171.0,211.178.173.144,22,TCP,2080,1275,2
2025-09-19 18:34:09,110.101.120.62,87.133.218.216,993,HTTP,2549,7920,5
2025-09-19 18:34:10,78.118.79.107,96.119.113.19,993,HTTP,539,4214,4
2025-09-19 18:34:11,20.126.250.102,178.202.187.132,53,UDP,7698,2455,5
2025-09-19 18:34:12,220.57.13.127,102.192.11.116,993,UDP,815,9823,5
2025-09-19 18:34:13,114.134.63.37,16.206.43.139,6666,TCP,5768,8127,5
2025-09-19 18:34:14,219.190.140.108,137.109.102.142,995,HTTPS,8566,546,7
2025-09-19 18:34:15,64.75.15.227,200.219.223.226,25,HTTPS,6898,7929,9
2025-09-19 18:34:16,29.179.49.172,67.176.219.177,993,UDP,6933,9460,7
2025-09-19 18:34:17,129.58.191.23,49.89.70.2,443,HTTP,2488,2732,3
2025-09-19 18:34:18,34.254.143.113,74.76.149.178,21,HTTP,4083,8921,8
2025-09-19 18:34:19,16.54.31.76,182.113.76.203,443,UDP,3424,8975,2
2025-09-19 18:34:20,115.122.53.228,3.52.3.251,110,HTTPS,3401,6658,8
2025-09-19 18:34:21,176.22.240.24,90.42.42.247,53,HTTPS,8978,6277,9
2025-09-19 18:34:22,176.169.124.245,1.127.176.205,110,TCP,1002,7042,8
2025-09-19 18:34:23,113.215.97.85,38.220.21.137,21,HTTP,1901,5125,10
2025-09-19 18:34:24,45.172.168.220,166.179.109.120,25,UDP,2410,485,5
2025-09-19 18:34:25,178.104.237.185,136.7.34.200,110,UDP,9689,3870,8
2025-09-19 18:34:26,175.143.24.108,104.16.140.181,6666,HTTPS,253,7695,2
2025-09-19 18:34:27,189.97.226.165,18.142.208.115,21,TCP,6988,6053,4
2025-09-19 18:34:28,126.100.55.231,135.21.63.52,443,HTTPS,2292,5305,7
2025-09-19 18:34:29,118.115.197.127,209.50.240.212,110,UDP,603,778,8
2025-09-19 18:34:30,120.132.108.28,124.91.92.219,21,HTTPS,7438,9514,4
2025-09-19 18:34:31,54.241.239.33,14.58.21.14,53,TCP,9733,417,8
2025-09-19 18:34:32,132.69.219.57,20.175.172.158,22,HTTPS,5151,4111,4
2025-09-19 18:34:33,184.152.100.169,214.189.30.38,31337,TCP,8531,2994,4
2025-09-19 18:34:34,115.113.161.68,139.140.152.118,995,HTTPS,3933,3383,6
2025-09-19 18:34:35,57.218.144.36,70.212.233.158,22,TCP,5544,1338,5
2025-09-19 18:34:36,24.240.15.132,139.220.219.31,31337,HTTPS,4625,7056,3
2025-09-19 18:34:37,37.44.27.211,181.115.105.209,110,HTTP,2624,3696,3
2025-09-19 18:34:38,150.61.117.200,83.109.213.239,25,HTTP,9294,9593,8
2025-09-19 18:34:39,108.75.199.252,34.197.140.125,80,HTTP,3669,3989,4
2025-09-19 18:34:40,219.58.205.17,50.87.111.15,993,HTTPS,5065,642,9
2025-09-19 18:34:41,184.240.119.57,53.75.226.231,993,HTTPS,3019,3281,5
2025-09-19 18:34:42,151.242.242.7,204.121.21.96,993,TCP,863,7733,9
2025-09-19 18:34:43,205.58.198.30,79.91.217.78,1337,HTTPS,3913,5249,2
2025-09-19 18:34:44,135.202.217.162,124.42.223.175,993,HTTP,2672,6187,9
2025-09-19 18:34:45,117.234.211.98,27.105.17.140,110,HTTP,4788,3043,7
2025-09-19 18:34:46,32.250.224.40,135.180.139.121,21,TCP,7345,2639,1
2025-09-19 18:34:47,206.0.227.51,97.51.229.192,22,HTTP,985,8104,10
2025-09-19 18:34:49,49.153.225.42,23.231.111.51,22,HTTP,1281,3830,5
2025-09-19 18:34:50,24.234.226.107,81.232.110.85,22,HTTP,4025,4846,6
2025-09-19 18:34:51,180.118.8.68,124.115.184.156,993,TCP,1658,1504,1
2025-09-19 18:34:52,25.240.125.5,147.162.82.8,443,TCP,894289,974007,182
2025-09-19 18:34:53,87.177.68.207,155.52.116.190,4444,HTTPS,158160,467831,120
2025-09-19 18:34:56,84.64.106.225,76.27.237.49,993,TCP,4950,4043,5
2025-09-19 18:34:57,143.175.38.12,113.230.63.160,80,HTTPS,5969,8149,9
2025-09-19 18:34:58,120.106.159.154,160.189.104.84,53,TCP,1291,7330,7
2025-09-19 18:34:59,22.217.60.34,3.1.60.79,993,HTTP,6581,9409,2
2025-09-19 18:35:00,183.179.35.77,93.238.60.250,443,HTTP,7379,5649,10
2025-09-19 18:35:01,62.57.70.141,198.146.107.90,993,TCP,606861,841254,79
2025-09-19 18:35:02,134.158.178.18,7.129.165.160,22,TCP,966,2956,5
2025-09-19 18:35:03,215.183.101.122,131.20.85.30,110,HTTP,7293,6441,4
2025-09-19 18:35:04,178.12.137.51,221.33.246.101,110,HTTP,3772,5464,1
2025-09-19 18:35:06,62.235.127.222,29.233.245.37,1337,HTTPS,4267,8536,6
2025-09-19 18:35:07,124.170.217.51,39.233.120.128,995,HTTPS,3279,7423,1
2025-09-19 18:35:08,196.94.146.140,77.164.250.243,4444,UDP,6995,4589,9
2025-09-19 18:35:09,101.47.3.222,200.7.126.85,21,HTTP,2733,1044,7
2025-09-19 18:35:10,42.7.8.137,108.42.107.153,21,HTTP,5600,2246,6
2025-09-19 18:35:11,93.167.42.132,79.17.66.84,80,UDP,1504,7737,2
2025-09-19 18:35:12,164.62.59.88,65.69.190.131,25,TCP,6200,9162,8
2025-09-19 18:35:14,48.158.55.143,203.23.143.191,80,HTTP,5807,5652,8
2025-09-19 18:35:15,86.211.126.28,135.44.84.174,22,TCP,7810,8905,10
2025-09-19 18:35:16,136.63.60.165,90.41.210.143,21,TCP,2925,1990,4
2025-09-19 18:35:17,63.96.52.67,79.136.167.174,25,TCP,9325,3591,7
2025-09-19 18:35:18,54.232.143.66,186.171.5.142,25,HTTP,9250,3031,4
2025-09-19 18:35:19,96.188.197.11,192.66.15.129,25,HTTP,6226,9264,2
2025-09-19 18:35:20,10.188.145.62,51.218.200.226,25,HTTPS,6608,2164,7
2025-09-19 18:35:21,201.100.221.15,63.193.100.76,25,HTTPS,2310,4699,1
2025-09-19 18:35:22,6.157.226.223,68.65.161.144,21,HTTPS,8258,6844,6
2025-09-19 18:35:24,102.103.79.185,13.24.207.255,25,TCP,8462,981,3
2025-09-19 18:35:25,130.127.145.252,28.244.233.91,993,HTTP,2147,1646,4
2025-09-19 18:35:26,79.137.159.254,137.145.86.150,443,HTTPS,9212,7930,4
2025-09-19 18:35:27,81.63.34.174,123.242.194.29,110,HTTP,1321,1777,10
2025-09-19 18:35:28,170.171.155.217,203.156.36.175,25,HTTP,663,3572,9
2025-09-19 18:35:29,208.81.33.149,148.221.25.157,80,HTTPS,1012,1411,10
2025-09-19 18:35:30,214.91.246.56,211.13.217.217,22,HTTPS,324674,184089,82
2025-09-19 18:35:32,145.211.192.148,115.5.103.32,21,TCP,7983,5332,6
2025-09-19 18:35:33,95.119.192.10,194.217.228.228,993,TCP,7030,8809,5
2025-09-19 18:35:34,177.240.151.20,221.146.164.96,25,UDP,572170,842204,91
2025-09-19 18:35:35,147.25.126.253,159.145.253.132,6666,UDP,4640,8595,7
2025-09-19 18:35:37,156.10.31.189,35.244.192.211,22,HTTPS,7696,4430,9
2025-09-19 18:35:38,192.144.74.210,85.237.147.16,6666,HTTPS,4393,5216,3
2025-09-19 18:35:39,210.158.200.153,213.196.148.92,53,TCP,6706,3443,7
2025-09-19 18:35:40,116.212.189.110,42.175.164.193,443,UDP,9493,8536,5
2025-09-19 18:35:41,82.115.20.95,218.187.118.213,80,HTTP,6210,5247,9
2025-09-19 18:35:42,154.122.211.56,124.150.227.130,110,HTTP,8243,4113,3
2025-09-19 18:35:43,7.100.252.75,3.125.96.78,1337,HTTP,896,2863,8
2025-09-19 18:35:44,24.26.59.125,152.58.41.121,80,HTTP,5589,6941,6
2025-09-19 18:35:45,148.144.122.107,56.118.197.10,22,TCP,1294,4614,6
2025-09-19 18:35:46,209.59.119.26,160.15.122.191,21,HTTPS,5390,4164,2
2025-09-19 18:35:47,24.78.84.151,76.132.96.174,80,HTTPS,312,1709,4
2025-09-19 18:35:48,14.100.13.35,171.100.104.1,80,UDP,8571,6612,1
2025-09-19 18:35:50,25.62.90.41,174.34.100.206,4444,TCP,1427,1395,9
2025-09-19 18:35:51,35.107.10.160,214.0.70.188,443,HTTP,5598,5453,1
2025-09-19 18:35:52,158.167.238.100,220.168.16.45,25,HTTP,6713,3935,2
2025-09-19 18:35:53,41.56.175.163,153.230.174.148,22,HTTPS,2403,9209,3
2025-09-19 18:35:54,58.74.167.202,180.197.27.228,443,TCP,739,6416,1
2025-09-19 18:35:55,34.210.128.150,145.214.11.58,53,UDP,3432,3451,3
2025-09-19 18:35:56,191.150.196.94,161.20.200.201,31337,UDP,4775,8943,9
2025-09-19 18:35:59,98.188.0.108,97.216.165.181,110,HTTP,6402,5877,2
2025-09-19 18:36:00,210.216.120.79,219.204.193.72,53,HTTPS,311992,316349,175
2025-09-19 18:36:01,36.176.65.103,53.240.180.187,110,HTTPS,3517,5829,9
2025-09-19 18:36:02,19.6.139.147,5.71.241.232,110,HTTPS,5489,9398,3
2025-09-19 18:36:03,66.115.8.11,28.149.98.140,25,UDP,4999,4428,5
2025-09-19 18:36:04,121.71.32.126,88.54.163.32,993,TCP,6931,5144,10
2025-09-19 18:36:05,175.153.82.145,201.75.191.46,21,TCP,5844,4974,10
2025-09-19 18:36:07,94.123.217.195,1.160.167.79,993,HTTP,3409,2957,7
2025-09-19 18:36:08,19.107.250.109,207.208.187.93,31337,UDP,7035,4964,6
2025-09-19 18:36:09,22.166.249.35,71.92.222.154,53,TCP,1857,8564,1
2025-09-19 18:36:10,38.60.194.20,73.62.182.138,22,HTTP,8706,5629,1
2025-09-19 18:36:11,130.5.178.112,143.225.28.118,443,UDP,685,2957,10
2025-09-19 18:36:12,26.45.68.83,18.116.157.213,995,TCP,1706,2907,8
2025-09-19 18:36:14,183.200.25.89,30.8.214.33,995,HTTP,3544,9364,10
2025-09-19 18:36:15,169.130.109.222,66.86.112.252,22,HTTP,6019,7873,3
2025-09-19 18:36:16,172.162.231.20,46.198.35.33,443,TCP,8743,3894,2
2025-09-19 18:36:17,157.124.189.141,202.185.9.79,21,HTTPS,2154,5751,7
2025-09-19 18:36:18,97.14.26.215,136.85.189.144,80,UDP,3373,3651,9
2025-09-19 18:36:19,13.129.194.155,125.215.56.88,995,UDP,7695,4265,4
2025-09-19 18:36:20,171.205.247.18,107.119.160.0,21,HTTPS,5018,9060,3
2025-09-19 18:36:21,82.151.97.174,60.2.51.11,443,HTTP,3747,5889,10
2025-09-19 18:36:22,112.217.111.46,63.150.49.144,21,TCP,2538,9362,6
2025-09-19 18:36:23,145.219.78.29,22.252.216.34,443,TCP,3032,9693,1
2025-09-19 18:36:24,3.221.116.156,178.179.67.226,6666,HTTPS,2236,715,1
2025-09-19 18:36:25,28.212.100.106,34.253.185.18,31337,TCP,191,7685,2
2025-09-19 18:36:26,81.30.187.109,29.166.197.208,53,TCP,7464,8840,10
2025-09-19 18:36:27,162.229.166.35,113.231.16.88,53,TCP,3830,5571,3
2025-09-19 18:36:28,2.102.96.227,30.6.171.84,53,UDP,7522,7803,4
2025-09-19 18:36:29,64.68.95.158,141.145.217.68,25,TCP,8403,4583,5
2025-09-19 18:36:30,48.114.49.127,65.138.15.71,21,HTTPS,5915,6608,2
2025-09-19 18:36:31,200.149.57.61,90.43.46.199,25,UDP,5331,9545,2
2025-09-19 18:36:32,109.55.245.236,164.26.80.0,25,UDP,6115,1807,3
2025-09-19 18:36:33,98.222.36.92,107.90.220.186,53,TCP,8927,5543,2
2025-09-19 18:36:34,196.72.105.179,184.205.90.141,993,UDP,6145,6701,9
2025-09-19 18:36:35,204.126.147.40,154.63.0.214,110,HTTP,9292,1436,10
2025-09-19 18:36:36,154.75.178.175,72.69.229.247,993,HTTP,430585,863431,145
2025-09-19 18:36:37,219.239.247.164,123.181.41.153,21,HTTP,3910,917,4
2025-09-19 18:36:39,35.225.248.202,209.71.40.164,80,HTTPS,4362,8453,10
2025-09-19 18:36:40,41.224.218.68,154.23.151.37,993,TCP,1773,7749,4
2025-09-19 18:36:41,199.247.78.211,171.186.236.184,443,UDP,8591,9768,9
2025-09-19 18:36:42,33.3.209.1,105.139.98.169,993,UDP,3344,9166,3
2025-09-19 18:36:44,146.210.125.188,32.37.81.222,443,UDP,3083,8682,8
2025-09-19 18:36:45,186.200.144.50,98.67.133.167,110,HTTP,5157,8960,7
2025-09-19 18:36:46,25.138.115.244,24.68.89.40,1337,UDP,259,684,8
2025-09-19 18:36:47,49.155.240.47,170.154.218.55,995,HTTP,3924,5403,5
2025-09-19 18:36:48,204.161.241.231,51.216.73.29,995,HTTP,8513,471,1
2025-09-19 18:36:49,28.131.138.207,23.55.243.67,53,TCP,9267,8431,8
2025-09-19 18:36:51,126.208.122.33,104.169.33.107,6666,UDP,1242,4649,10
2025-09-19 18:36:52,203.58.250.19,116.122.16.153,993,HTTP,6189,5184,10
2025-09-19 18:36:53,174.157.16.8,192.35.212.246,993,TCP,4309,5807,10
2025-09-19 18:36:54,217.237.182.180,8.118.145.78,443,HTTP,8471,5855,10
2025-09-19 18:36:55,188.5.105.236,171.120.213.227,443,TCP,2274,8082,1
2025-09-19 18:36:56,159.182.159.160,8.9.145.166,80,TCP,6882,6769,6
2025-09-19 18:36:57,12.45.141.241,83.78.235.220,993,TCP,9678,6943,4
2025-09-19 18:36:58,88.144.43.51,188.211.235.63,995,UDP,2242,3940,7
2025-09-19 18:37:00,103.4.228.90,141.113.7.205,1337,HTTPS,273,4580,5
2025-09-19 18:37:01,6.21.10.57,31.74.173.176,443,TCP,3012,6060,1
2025-09-19 18:37:02,121.174.1.93,176.185.104.217,993,HTTPS,550,6092,5
2025-09-19 18:37:03,10.161.73.243,69.107.48.206,25,UDP,3778,8970,2
2025-09-19 18:37:04,194.108.16.106,84.203.160.32,22,HTTP,9828,9466,8
2025-09-19 18:37:05,38.196.187.120,72.7.204.144,25,HTTPS,358786,974571,110
2025-09-19 18:37:06,161.47.63.184,214.135.28.115,80,TCP,6222,6935,8
2025-09-19 18:37:07,77.34.233.164,90.20.24.100,995,HTTPS,6800,4851,4
2025-09-19 18:37:08,30.37.197.48,67.102.72.249,110,HTTPS,7821,3085,9
2025-09-19 18:37:09,221.14.159.47,39.156.241.248,110,HTTPS,8888,1153,8
2025-09-19 18:37:10,104.126.245.101,159.196.216.175,110,HTTPS,2928,1529,7
2025-09-19 18:37:11,204.89.136.143,70.98.78.176,53,HTTP,2355,6057,3
2025-09-19 18:37:12,71.44.205.23,160.231.100.226,80,TCP,6788,1529,1
2025-09-19 18:37:13,152.226.85.36,54.208.104.250,443,HTTPS,4292,3062,2
2025-09-19 18:37:14,57.202.47.24,200.93.64.49,995,HTTP,7176,6179,8
2025-09-19 18:37:16,167.24.136.207,60.124.246.228,21,TCP,2233,6872,2
2025-09-19 18:37:17,58.15.195.217,28.84.76.247,993,HTTPS,9399,5197,2
2025-09-19 18:37:18,35.180.86.139,214.139.49.93,22,TCP,4578,4687,3
2025-09-19 18:37:19,34.245.2.178,49.117.97.244,443,HTTP,5227,9215,8
2025-09-19 18:37:20,168.178.184.73,133.17.107.139,53,HTTP,791,2828,3
2025-09-19 18:37:21,111.38.214.213,88.31.123.54,110,TCP,6754,377,7
2025-09-19 18:37:22,24.117.87.97,112.254.22.21,995,TCP,5522,1536,7
2025-09-19 18:37:23,113.238.100.182,109.65.202.235,53,HTTP,3767,6441,6
2025-09-19 18:37:24,202.192.83.149,195.173.127.194,110,HTTPS,8786,935,8
2025-09-19 18:37:25,23.232.69.133,36.88.239.186,993,TCP,4358,2597,1
2025-09-19 18:37:26,133.86.182.238,104.118.89.54,993,TCP,936,8292,8
2025-09-19 18:37:27,101.171.128.109,86.209.146.226,22,TCP,9477,8038,4
2025-09-19 18:37:28,131.24.85.81,204.205.205.143,443,HTTP,8294,2045,4
2025-09-19 18:37:29,197.236.13.133,161.18.0.138,110,TCP,155572,373325,160
2025-09-19 18:37:30,178.136.17.25,222.193.46.41,21,HTTP,512440,334618,84
2025-09-19 18:37:31,199.52.37.242,51.232.17.173,80,HTTP,1930,246,8
2025-09-19 18:37:32,11.90.77.117,193.106.185.145,80,HTTPS,5866,4576,5
2025-09-19 18:37:33,91.224.156.80,111.174.242.221,22,UDP,3905,6547,4
2025-09-19 18:37:34,134.201.84.182,220.195.27.251,80,TCP,485,5018,7
2025-09-19 18:37:35,48.198.175.184,49.186.81.226,21,UDP,627,3058,7
2025-09-19 18:37:36,213.247.241.72,203.229.116.30,25,HTTP,8027,351,5
2025-09-19 18:37:37,165.192.155.228,106.19.145.136,25,UDP,9906,3824,2
2025-09-19 18:37:38,31.93.57.238,38.218.77.204,995,HTTP,8586,1684,9
2025-09-19 18:37:39,124.60.205.193,63.222.20.233,995,HTTPS,7903,3966,7
2025-09-19 18:37:40,29.222.79.70,121.62.116.253,443,HTTP,7637,5698,6
2025-09-19 18:37:41,167.40.46.213,141.43.92.84,110,TCP,3001,1973,4
2025-09-19 18:37:42,177.180.140.14,117.234.151.58,993,HTTPS,5469,9644,5
2025-09-19 18:37:43,11.14.187.189,75.108.132.113,110,HTTP,8643,6054,1
2025-09-19 18:37:44,145.238.79.74,170.89.59.92,443,TCP,392,3863,9
2025-09-19 18:37:45,44.254.196.191,172.39.90.86,993,HTTP,2667,1825,9
2025-09-19 18:37:46,205.114.249.138,7.111.122.169,80,HTTPS,4568,8537,5
2025-09-19 18:37:47,53.214.207.249,223.254.62.233,21,HTTPS,6063,3499,9
2025-09-19 18:37:48,68.175.135.47,40.234.113.189,21,HTTPS,2674,2755,6
2025-09-19 18:37:49,177.198.236.152,219.16.37.105,993,HTTPS,9388,5343,4
2025-09-19 18:37:50,154.169.143.144,171.245.81.45,993,UDP,7239,3259,9
2025-09-19 18:37:51,110.134.203.143,10.124.190.240,21,UDP,4219,408,10
2025-09-19 18:37:53,124.174.201.3,14.159.252.250,25,UDP,5125,1568,6
2025-09-19 18:37:54,153.79.247.84,128.162.112.26,22,HTTP,5921,5216,2
2025-09-19 18:37:55,188.237.17.87,68.176.154.166,25,UDP,7768,643,9
2025-09-19 18:37:56,149.228.102.133,213.193.160.97,110,HTTP,9785,4899,5
2025-09-19 18:37:57,44.179.141.33,195.76.165.179,22,UDP,4698,2599,2
2025-09-19 18:37:58,172.117.159.245,162.14.177.31,22,HTTPS,8219,8257,9
2025-09-19 18:37:59,141.85.207.172,198.76.143.177,80,HTTPS,4612,5020,9
2025-09-19 18:38:00,132.91.79.232,158.255.45.47,110,TCP,3214,2366,10
2025-09-19 18:38:02,126.135.211.254,128.228.16.165,110,HTTPS,1364,7747,10
2025-09-19 18:38:03,220.234.93.254,114.172.62.61,22,TCP,7789,5162,7
2025-09-19 18:38:04,124.186.31.91,91.171.134.206,993,TCP,2587,5048,1
2025-09-19 18:38:05,199.3.218.142,87.80.174.139,21,UDP,7822,229,7
2025-09-19 18:38:06,220.109.41.152,17.35.40.154,993,UDP,5544,3031,10
2025-09-19 18:38:07,124.138.52.60,70.223.109.250,443,TCP,300,6560,1
2025-09-19 18:38:09,21.138.75.131,175.56.0.232,21,UDP,4421,219,10
2025-09-19 18:38:10,165.153.190.242,201.60.144.232,993,UDP,988,973,9
2025-09-19 18:38:11,2.18.84.175,17.107.2.238,21,TCP,4232,5774,4
2025-09-19 18:38:12,41.112.204.131,37.192.209.11,25,TCP,3551,8077,8
2025-09-19 18:38:13,186.131.141.59,210.26.17.136,80,HTTPS,207,4179,8
2025-09-19 18:38:14,201.172.234.251,12.48.158.254,80,TCP,7114,7808,2
2025-09-19 18:38:15,46.255.93.239,29.13.231.49,22,TCP,5685,3324,7
2025-09-19 18:38:16,115.75.225.4,41.5.13.98,25,TCP,7940,2268,7
2025-09-19 18:38:17,199.209.167.96,84.77.152.122,21,TCP,488,638,8
2025-09-19 18:38:18,181.52.51.134,151.149.129.9,443,HTTPS,872,4663,5
2025-09-19 18:38:20,135.239.5.60,162.227.36.214,53,UDP,1142,4753,6
2025-09-19 18:38:21,85.159.101.231,39.96.189.88,25,UDP,4934,7330,7
2025-09-19 18:38:22,56.120.213.179,66.7.11.229,22,HTTPS,1252,3037,2
2025-09-19 18:38:23,165.7.143.119,68.193.75.232,443,UDP,9332,948,8
2025-09-19 18:38:24,75.129.141.134,189.200.184.210,995,UDP,3928,3726,10
2025-09-19 18:38:25,212.211.101.174,148.215.142.119,22,TCP,7119,3875,3
2025-09-19 18:38:26,73.216.227.216,58.135.141.220,1337,HTTP,8664,8381,4
2025-09-19 18:38:27,24.251.14.6,23.234.151.185,53,HTTPS,248243,157550,168
2025-09-19 18:38:28,93.107.191.44,24.252.3.173,993,HTTPS,5665,4973,1
2025-09-19 18:38:29,167.118.146.58,28.27.174.204,1337,HTTP,8646,9036,7
2025-09-19 18:38:30,195.96.240.143,144.253.89.66,21,HTTP,721,2469,3
2025-09-19 18:38:31,146.126.18.102,206.191.177.85,995,HTTP,6744,5347,6
2025-09-19 18:38:32,165.246.41.164,61.121.5.232,21,TCP,1553,9368,1
2025-09-19 18:38:33,122.37.217.203,201.237.43.63,443,HTTP,7925,7181,8
2025-09-19 18:38:34,132.131.26.207,97.44.87.27,53,TCP,3281,7289,10
2025-09-19 18:38:35,169.197.20.207,156.98.208.91,6666,TCP,191695,192450,147
2025-09-19 18:38:36,74.229.132.117,27.39.72.104,443,TCP,6986,7369,8
2025-09-19 18:38:37,191.158.107.70,148.24.106.167,995,HTTP,9165,957,7
2025-09-19 18:38:38,140.200.181.123,210.5.71.68,443,UDP,1791,8249,6
2025-09-19 18:38:39,208.84.73.80,100.196.166.103,53,HTTP,1071,2583,8
2025-09-19 18:38:40,180.11.216.49,200.31.93.224,53,UDP,8956,8091,8
2025-09-19 18:38:41,134.238.223.32,222.38.233.194,80,HTTPS,8567,920,9
2025-09-19 18:38:42,14.233.40.199,159.213.180.252,80,TCP,5342,457,2
2025-09-19 18:38:43,101.49.22.70,186.106.209.253,22,TCP,5266,4109,9
2025-09-19 18:38:44,18.171.235.121,104.204.215.228,443,HTTP,4488,255,10
2025-09-19 18:38:46,124.106.119.133,216.106.72.197,110,TCP,8172,8455,6
2025-09-19 18:38:47,74.74.190.95,111.68.110.121,53,HTTPS,6732,4349,10
2025-09-19 18:38:48,103.150.158.203,119.48.165.76,110,TCP,5148,3892,7
2025-09-19 18:38:49,14.124.68.248,39.77.156.222,80,TCP,8793,9496,2
2025-09-19 18:38:50,12.103.136.100,12.115.39.60,443,UDP,483826,666130,186
2025-09-19 18:38:51,27.8.18.112,81.227.55.249,25,HTTPS,7801,6375,4
2025-09-19 18:38:52,140.47.240.225,130.217.127.3,80,TCP,1089,5182,7
2025-09-19 18:38:53,148.69.35.158,55.100.182.155,53,HTTP,8959,1733,2
2025-09-19 18:38:54,115.20.147.249,151.134.202.208,995,HTTP,5512,617,3
2025-09-19 18:38:55,154.236.136.222,124.40.236.153,21,HTTPS,568,8145,8
2025-09-19 18:38:56,89.166.101.168,60.60.0.94,21,TCP,2001,3350,4
2025-09-19 18:38:57,197.161.101.231,188.220.183.216,6666,HTTPS,6120,8274,6
2025-09-19 18:38:58,18.222.213.181,75.4.207.118,53,UDP,2475,2531,8
2025-09-19 18:38:59,61.30.200.223,165.218.71.104,443,HTTP,7146,2397,7
2025-09-19 18:39:01,162.140.156.241,196.174.0.175,443,HTTP,9291,6390,4
2025-09-19 18:39:02,27.121.142.72,113.139.157.83,6666,TCP,2101,9960,2
2025-09-19 18:39:03,35.174.229.78,50.77.157.126,443,HTTP,7678,1749,9
2025-09-19 18:39:05,111.200.161.67,118.74.250.53,110,TCP,1743,5277,10
2025-09-19 18:39:06,150.131.239.242,28.33.242.25,53,HTTPS,8634,7712,7
2025-09-19 18:39:07,3.137.82.39,153.25.247.147,995,UDP,9188,176,4
2025-09-19 18:39:08,131.39.204.225,26.154.84.156,6666,HTTPS,4027,7212,1
2025-09-19 18:39:09,112.167.122.132,115.74.173.90,80,HTTPS,4803,6285,10
2025-09-19 18:39:10,223.86.50.189,168.152.189.85,21,HTTP,5230,6653,4
2025-09-19 18:39:11,211.116.61.177,81.42.206.230,993,HTTP,7026,941,5
2025-09-19 18:39:12,189.224.206.106,106.172.160.12,443,HTTPS,4859,9455,1
2025-09-19 18:39:13,212.212.153.199,111.247.222.210,25,HTTPS,7962,3509,2
2025-09-19 18:39:14,178.148.18.128,4.174.16.247,443,HTTPS,5565,4002,9
2025-09-19 18:39:15,54.207.110.223,159.240.115.59,53,HTTPS,3540,8692,7
2025-09-19 18:39:16,187.199.5.69,22.132.128.190,995,TCP,5976,8901,2
2025-09-19 18:39:17,89.147.64.58,142.75.73.53,993,HTTPS,2045,1669,7
2025-09-19 18:39:18,80.31.181.238,138.54.224.136,80,TCP,3014,8165,9
2025-09-19 18:39:19,86.85.104.169,107.103.204.115,443,UDP,938,9525,10
2025-09-19 18:39:20,21.107.78.22,117.54.149.101,995,HTTPS,8662,293,4
2025-09-19 18:39:21,211.56.26.108,42.176.208.27,80,TCP,8258,2802,3
2025-09-19 18:39:22,184.193.153.68,40.236.22.0,53,HTTPS,4192,9956,3
2025-09-19 18:39:24,98.225.189.217,46.219.97.111,443,HTTPS,927107,511381,56
2025-09-19 18:39:25,97.25.247.175,74.68.105.53,110,UDP,584064,366167,136
2025-09-19 18:39:26,97.32.63.100,204.172.39.56,995,HTTPS,911,387,8
2025-09-19 18:39:27,48.131.69.30,2.29.103.37,443,HTTP,4252,3088,2
2025-09-19 18:39:28,23.73.194.128,72.69.151.227,80,TCP,3181,2300,6
2025-09-19 18:39:29,185.3.114.66,45.100.255.128,110,TCP,1770,2952,3
2025-09-19 18:39:30,40.168.205.152,194.226.120.154,53,HTTP,476854,234871,157
2025-09-19 18:39:31,172.175.7.201,166.86.140.188,21,TCP,6359,2205,7
2025-09-19 18:39:32,165.199.212.215,221.135.200.130,80,UDP,7194,6948,10
2025-09-19 18:39:33,32.26.107.57,167.178.77.42,1337,HTTP,8498,839,8
2025-09-19 18:39:34,163.48.26.249,114.75.223.205,110,HTTPS,2609,8676,7
2025-09-19 18:39:37,162.94.253.103,222.188.157.124,993,TCP,676326,618075,100
2025-09-19 18:39:38,21.144.228.2,134.228.162.89,21,HTTPS,6055,4569,10
2025-09-19 18:39:39,99.185.59.113,17.149.44.122,53,HTTPS,4529,1738,7
2025-09-19 18:39:40,56.211.76.82,176.125.164.107,993,HTTPS,2745,5327,8
2025-09-19 18:39:41,26.117.193.10,189.161.27.32,22,HTTP,2508,3744,1
2025-09-19 18:39:42,17.230.56.145,130.188.102.208,21,UDP,3983,3863,7
2025-09-19 18:39:45,132.247.107.125,89.254.30.174,22,HTTP,8675,7853,6
2025-09-19 18:39:46,202.100.118.246,181.166.157.13,22,UDP,2774,4840,5
2025-09-19 18:39:47,69.135.93.239,68.228.253.92,995,HTTPS,7186,4244,7
2025-09-19 18:39:48,118.70.148.180,25.161.190.12,993,HTTPS,6339,2047,9
2025-09-19 18:39:49,71.70.22.102,190.170.79.15,53,HTTP,747935,749555,53
2025-09-19 18:39:50,34.234.176.38,150.90.229.108,993,HTTP,1404,9653,10
2025-09-19 18:39:51,17.52.111.145,19.46.183.27,21,UDP,3185,6247,4
2025-09-19 18:39:52,134.170.134.254,113.144.66.69,993,HTTP,6205,7029,2
2025-09-19 18:39:53,208.73.244.190,202.228.171.186,31337,HTTP,1412,7568,6
2025-09-19 18:39:55,178.150.81.173,27.191.3.25,443,HTTPS,8527,9455,8
2025-09-19 18:39:56,158.124.252.243,185.55.21.128,25,HTTPS,6839,2330,2
2025-09-19 18:39:57,10.67.20.7,184.174.54.133,80,HTTP,3491,5259,5
2025-09-19 18:39:58,4.125.48.223,118.252.86.243,80,HTTPS,3484,5040,3
2025-09-19 18:39:59,172.95.158.126,17.29.14.194,443,HTTP,8740,5817,4
2025-09-19 18:40:00,159.61.30.237,135.233.221.1,53,HTTP,6756,9021,9
2025-09-19 18:40:01,2.247.208.86,178.169.247.194,31337,HTTP,4101,5275,4
2025-09-19 18:40:02,71.167.206.224,215.37.231.26,993,UDP,9654,7771,4
2025-09-19 18:40:03,6.42.165.175,46.67.236.167,22,TCP,5788,265,4
2025-09-19 18:40:04,103.72.215.252,144.63.156.230,22,HTTPS,1347,1956,1
2025-09-19 18:40:05,101.96.99.78,176.54.55.162,443,TCP,9664,6403,6
2025-09-19 18:40:06,175.52.217.189,222.95.58.193,110,HTTPS,6378,9430,8
2025-09-19 18:40:07,68.46.69.25,58.138.90.159,22,UDP,1165,223,5
2025-09-19 18:40:08,199.60.15.139,32.113.27.112,22,UDP,4109,7868,3
2025-09-19 18:40:09,154.217.8.160,156.201.204.181,993,HTTPS,2741,8187,4
2025-09-19 18:40:10,189.161.136.146,51.237.228.191,110,TCP,3998,1740,2
2025-09-19 18:40:12,162.152.40.86,155.33.70.23,80,TCP,3346,6516,8
2025-09-19 18:40:13,64.250.194.90,47.248.29.52,21,HTTPS,1724,9737,3
2025-09-19 18:40:14,172.249.94.70,165.12.153.15,31337,TCP,495,2649,4
2025-09-19 18:40:16,109.195.229.206,93.34.35.98,25,HTTPS,4644,5995,10
2025-09-19 18:40:17,3.197.106.159,67.34.196.35,4444,HTTP,5259,3638,3
2025-09-19 18:40:19,53.121.175.157,216.183.223.187,80,HTTP,8682,6088,2
2025-09-19 18:40:20,126.148.246.204,102.147.205.77,995,HTTPS,1536,5904,4
2025-09-19 18:40:23,80.203.15.168,38.21.151.133,443,TCP,9391,7344,8
2025-09-19 18:40:24,203.56.233.17,170.20.124.170,80,UDP,6656,6874,1
2025-09-19 18:40:25,27.93.77.3,115.5.162.192,995,HTTP,2969,6878,9
2025-09-19 18:40:26,202.58.140.2,180.150.150.192,22,TCP,8179,6432,2
2025-09-19 18:40:27,158.125.152.208,178.252.242.123,22,HTTPS,9626,4408,4
2025-09-19 18:40:28,63.72.217.190,45.68.208.238,53,TCP,277,5997,5
2025-09-19 18:40:29,13.119.241.21,19.5.43.99,25,TCP,5984,5839,1
2025-09-19 18:40:30,84.74.159.188,29.183.87.125,22,HTTP,230,9326,6
2025-09-19 18:40:31,220.138.97.30,176.25.226.218,993,TCP,5324,5186,1
2025-09-19 18:40:32,115.203.160.198,120.20.108.242,80,UDP,9398,8015,3
2025-09-19 18:40:33,174.162.42.177,45.170.129.28,995,UDP,9414,5541,2
2025-09-19 18:40:34,63.202.137.110,14.169.81.164,22,TCP,995,9837,6
2025-09-19 18:40:35,209.230.237.248,125.100.148.11,80,TCP,2737,5073,4
2025-09-19 18:40:37,17.167.137.29,220.36.255.151,995,TCP,9945,8764,1
2025-09-19 18:40:38,221.233.147.87,77.13.117.161,6666,HTTPS,4375,5917,9
2025-09-19 18:40:39,107.42.253.159,28.113.163.86,80,UDP,9813,3127,7
2025-09-19 18:40:40,119.154.235.227,52.133.211.69,995,TCP,9399,5164,2
2025-09-19 18:40:41,199.140.75.167,181.102.151.107,22,UDP,7219,9407,6
2025-09-19 18:40:42,198.255.34.248,51.134.79.6,443,UDP,7729,3391,9
2025-09-19 18:40:43,120.19.52.11,33.112.34.85,993,UDP,7191,3100,9
2025-09-19 18:40:44,3.84.249.18,216.24.218.95,80,HTTP,1087,8634,2
2025-09-19 18:40:46,124.17.88.38,76.85.143.23,21,TCP,5255,1264,2
2025-09-19 18:40:47,151.112.223.127,202.188.162.160,110,HTTP,6144,2729,1
2025-09-19 18:40:48,147.240.158.131,70.136.36.176,31337,TCP,8168,6400,9
2025-09-19 18:40:50,86.13.62.60,201.38.116.173,21,HTTP,4294,1548,5
2025-09-19 18:40:51,5.174.227.211,187.194.192.212,25,TCP,432,2568,5
2025-09-19 18:40:52,91.20.247.170,22.165.135.222,6666,UDP,1895,2616,8
2025-09-19 18:40:53,128.104.151.39,3.88.93.39,21,TCP,3851,9455,2
2025-09-19 18:40:54,106.111.40.26,132.167.197.175,22,HTTP,5065,7983,2
2025-09-19 18:40:55,60.51.95.72,19.151.85.49,25,HTTPS,9680,9653,1
2025-09-19 18:40:56,131.113.207.169,217.224.126.11,21,HTTP,4117,5682,9
2025-09-19 18:40:57,74.110.139.239,94.204.46.229,443,HTTPS,604726,217825,160
2025-09-19 18:40:58,13.177.236.162,172.170.216.76,4444,HTTP,2747,9014,9
2025-09-19 18:40:59,160.254.104.21,80.190.91.104,21,UDP,1703,8426,10
2025-09-19 18:41:00,116.251.187.102,29.236.69.27,21,HTTP,4778,2286,8
2025-09-19 18:41:01,3.210.251.234,157.180.133.82,4444,UDP,5688,5584,6
2025-09-19 18:41:03,164.158.12.93,176.9.58.228,53,HTTP,3899,4638,9
2025-09-19 18:41:04,176.72.238.99,56.46.35.206,53,HTTP,5853,1311,5
2025-09-19 18:41:05,90.75.219.231,80.151.144.206,21,UDP,3041,8870,9
2025-09-19 18:41:06,211.112.133.92,12.28.68.30,22,HTTPS,1742,7746,2
2025-09-19 18:41:08,217.42.72.211,105.104.17.255,443,TCP,2341,531,1
2025-09-19 18:41:09,96.255.240.123,137.200.58.176,993,UDP,2486,9698,8
2025-09-19 18:41:10,188.161.125.32,49.121.247.49,22,HTTP,315555,469768,129
2025-09-19 18:41:11,54.227.53.177,54.82.227.32,443,HTTPS,5470,8214,9
2025-09-19 18:41:12,72.216.3.219,203.182.121.55,110,HTTPS,4596,8535,1
2025-09-19 18:41:13,12.151.227.101,181.221.8.26,21,TCP,2383,4061,7
2025-09-19 18:41:14,27.28.27.146,138.123.113.154,443,HTTPS,3466,6210,3
2025-09-19 18:41:15,23.187.157.74,184.62.155.216,22,HTTPS,3840,4571,3
2025-09-19 18:41:16,158.170.89.48,42.115.137.143,443,UDP,7444,7820,4
2025-09-19 18:41:17,180.3.92.24,185.200.88.125,53,TCP,2148,4353,3
2025-09-19 18:41:18,202.238.26.233,30.136.98.67,993,UDP,2008,8852,5
2025-09-19 18:41:19,102.58.248.209,93.45.172.150,993,TCP,3954,4490,5
2025-09-19 18:41:20,194.72.28.218,52.40.249.135,443,HTTPS,4139,9139,1
2025-09-19 18:41:22,189.58.95.42,150.31.26.116,443,HTTPS,4074,3769,4
2025-09-19 18:41:23,34.168.77.155,3.59.224.143,443,TCP,3458,6438,7
2025-09-19 18:41:26,180.130.48.68,153.139.73.60,21,HTTPS,720946,580430,172
2025-09-19 18:41:28,6.76.44.39,200.30.8.82,25,HTTPS,6037,2557,3
2025-09-19 18:41:29,176.199.216.108,38.244.92.39,80,HTTPS,7843,5205,1
2025-09-19 18:41:30,179.70.159.115,36.183.191.80,1337,TCP,9197,4645,1
2025-09-19 18:41:31,69.162.101.43,111.186.71.2,22,TCP,7760,4819,6
2025-09-19 18:41:32,221.13.84.16,147.72.177.182,53,HTTP,2097,3793,7
2025-09-19 18:41:33,162.68.194.216,147.253.131.255,995,UDP,3990,819,1
2025-09-19 18:41:34,93.70.181.140,81.213.197.52,53,TCP,7594,2928,1
2025-09-19 18:41:35,79.49.102.31,191.117.81.254,443,HTTPS,5421,5747,8
2025-09-19 18:41:36,162.150.81.83,123.135.80.81,53,HTTP,6478,8348,1
2025-09-19 18:41:37,6.168.30.41,182.203.246.74,993,HTTPS,5634,4231,10
2025-09-19 18:41:38,95.150.163.159,38.126.102.135,22,UDP,2408,1426,7
2025-09-19 18:41:39,82.42.21.164,222.80.92.210,25,TCP,644,9676,9
2025-09-19 18:41:40,198.149.83.180,8.88.239.78,110,TCP,8310,7504,10
2025-09-19 18:41:41,111.252.35.209,15.0.177.71,21,TCP,3472,1670,7
2025-09-19 18:41:42,108.14.124.168,131.87.237.252,22,TCP,2099,5271,4
2025-09-19 18:41:43,138.235.233.84,69.231.145.76,443,HTTP,8945,2880,2
2025-09-19 18:41:44,75.147.146.26,212.151.167.90,22,TCP,5394,4477,6
2025-09-19 18:41:45,167.201.175.121,106.182.220.160,25,TCP,3249,7474,8
2025-09-19 18:41:46,135.132.47.110,148.12.231.5,31337,HTTPS,6280,5903,2
2025-09-19 18:41:47,103.72.114.172,157.159.115.163,995,HTTP,2624,3058,9
2025-09-19 18:41:48,75.82.254.36,213.69.115.91,993,TCP,2338,5962,6
2025-09-19 18:41:49,24.213.174.75,65.158.255.9,22,HTTPS,5582,9297,8
2025-09-19 18:41:50,51.125.167.251,13.93.149.153,1337,HTTPS,8222,5366,8
2025-09-19 18:41:51,201.124.80.23,195.153.253.98,25,HTTPS,9243,6003,5
2025-09-19 18:41:52,82.40.58.211,133.189.223.242,110,HTTPS,266034,506794,62
2025-09-19 18:41:53,179.98.132.214,140.0.114.45,53,HTTP,5877,6345,9
2025-09-19 18:41:54,124.78.132.140,122.25.167.242,993,HTTP,7505,4880,9
2025-09-19 18:41:55,8.234.86.126,24.210.105.150,993,UDP,5383,1465,8
2025-09-19 18:41:56,57.38.182.252,175.108.223.99,443,HTTPS,455790,624393,120
2025-09-19 18:41:57,91.61.23.246,86.217.47.197,80,HTTP,8063,2012,5
2025-09-19 18:41:58,75.253.110.98,194.11.11.52,995,HTTP,8112,9756,8
2025-09-19 18:41:59,153.57.8.161,31.72.130.90,25,HTTPS,3685,1329,6
2025-09-19 18:42:00,32.145.42.5,88.221.180.249,80,HTTPS,4130,2953,6
2025-09-19 18:42:01,41.82.58.251,27.49.18.253,995,HTTPS,5984,1568,4
2025-09-19 18:42:02,19.161.61.78,118.177.242.117,443,TCP,9207,866,2
2025-09-19 18:42:03,152.139.86.115,201.51.128.160,993,TCP,877,9530,10
2025-09-19 18:42:04,75.183.172.61,59.178.229.75,25,TCP,7469,8574,4
2025-09-19 18:42:05,89.64.34.135,28.94.194.131,53,HTTP,9478,8016,5
2025-09-19 18:42:06,191.110.250.115,215.60.131.156,995,HTTP,8549,7459,3
2025-09-19 18:42:07,28.74.79.232,153.236.174.206,53,TCP,7470,1255,8
2025-09-19 18:42:08,191.33.152.120,13.196.236.54,4444,TCP,8494,501,2
2025-09-19 18:42:09,101.105.59.169,28.252.234.137,53,HTTPS,7099,7964,9
2025-09-19 18:42:10,217.102.206.68,119.88.250.133,21,UDP,1433,4011,2
2025-09-19 18:42:11,63.155.23.209,44.103.81.35,80,HTTP,6968,4248,10
2025-09-19 18:42:12,152.71.15.80,186.115.223.251,80,TCP,1579,1641,6
2025-09-19 18:42:13,163.126.105.31,167.153.108.65,995,HTTP,606,1200,4
2025-09-19 18:42:14,40.241.133.36,15.230.184.55,21,HTTPS,6666,6687,4
2025-09-19 18:42:15,35.205.227.18,111.247.243.122,110,HTTPS,2313,2774,4
2025-09-19 18:42:16,2.117.72.224,159.174.164.91,1337,HTTP,8015,3898,7
2025-09-19 18:42:17,101.102.151.57,201.82.168.211,22,UDP,2481,4605,7
2025-09-19 18:42:18,223.103.208.58,21.34.95.220,22,HTTPS,9399,8700,4
2025-09-19 18:42:19,213.106.207.75,56.31.64.104,443,HTTPS,8673,9731,6
2025-09-19 18:42:20,11.64.193.142,64.59.117.186,31337,HTTPS,8160,8438,6
2025-09-19 18:42:21,32.177.226.221,159.94.45.159,31337,HTTPS,4302,2157,6
2025-09-19 18:42:22,103.208.240.155,219.198.147.39,995,UDP,4704,4281,9
2025-09-19 18:42:23,70.73.3.166,32.19.151.164,22,HTTP,4030,8465,1
2025-09-19 18:42:24,179.120.205.28,45.127.77.229,993,UDP,8268,8011,7
2025-09-19 18:42:25,56.130.121.85,56.225.89.154,25,TCP,4601,5166,4
2025-09-19 18:42:26,73.2.70.51,109.134.35.108,995,TCP,1368,1016,4
2025-09-19 18:42:27,92.191.157.20,31.119.1.169,22,HTTP,2941,4664,4
2025-09-19 18:42:28,136.208.160.209,47.26.78.76,443,HTTP,8641,614,7
2025-09-19 18:42:30,212.194.196.170,136.127.0.150,4444,UDP,498529,946853,112
2025-09-19 18:42:31,169.244.22.80,172.163.144.234,80,HTTPS,1472,9171,3
2025-09-19 18:42:32,22.177.91.106,184.43.27.144,53,HTTPS,8022,7214,1
2025-09-19 18:42:33,45.195.37.172,67.254.172.150,21,TCP,7686,653,4
2025-09-19 18:42:34,79.42.196.66,219.49.71.96,993,UDP,556,2693,10
2025-09-19 18:42:35,161.191.64.62,33.6.88.128,443,UDP,2426,3786,3
2025-09-19 18:42:36,139.223.76.222,150.163.43.94,53,TCP,5406,9691,7
2025-09-19 18:42:37,197.138.29.50,219.107.115.213,25,TCP,3774,5017,8
2025-09-19 18:42:38,35.24.203.205,47.185.92.156,80,HTTP,8912,3884,6
2025-09-19 18:42:39,114.251.199.111,95.124.12.220,110,HTTP,1366,9697,7
2025-09-19 18:42:40,52.97.78.5,158.153.121.170,25,TCP,3902,6391,2
2025-09-19 18:42:41,215.0.186.92,169.122.47.74,53,HTTPS,2401,735,10
2025-09-19 18:42:42,88.179.25.223,202.119.179.14,995,UDP,885,347,6
2025-09-19 18:42:43,102.157.194.190,184.185.5.88,4444,HTTPS,673265,122368,54
2025-09-19 18:42:44,80.152.174.64,29.203.144.52,995,TCP,6814,7348,7
2025-09-19 18:42:47,121.239.231.88,103.215.96.161,110,HTTPS,6889,9481,1
2025-09-19 18:42:48,126.25.48.89,164.99.79.117,4444,TCP,3672,3296,10
2025-09-19 18:42:49,131.140.237.10,17.20.36.183,25,HTTPS,6509,2998,5
2025-09-19 18:42:50,39.55.214.141,191.204.90.228,995,TCP,3411,8882,10
2025-09-19 18:42:51,221.3.207.253,21.219.134.202,31337,UDP,4583,5788,3
2025-09-19 18:42:52,124.184.83.252,44.52.192.165,993,UDP,114,747,10
2025-09-19 18:42:53,193.230.215.221,111.161.17.254,25,HTTP,949,7753,10
2025-09-19 18:42:54,218.45.187.94,97.203.67.205,22,TCP,6922,9759,3
2025-09-19 18:42:55,216.50.167.1,91.52.90.62,22,HTTP,7236,3882,1
2025-09-19 18:42:56,46.213.228.5,15.116.213.30,443,TCP,3285,849,4
2025-09-19 18:42:57,42.230.52.170,126.212.47.96,110,TCP,9788,5301,10
2025-09-19 18:42:58,62.29.17.138,198.120.153.27,22,UDP,4929,7220,2
2025-09-19 18:43:00,48.71.68.104,154.195.145.143,22,HTTP,7528,5608,5
2025-09-19 18:43:01,61.147.20.115,111.169.151.95,993,HTTPS,1649,1029,10
2025-09-19 18:43:02,32.23.110.83,80.143.177.100,110,HTTPS,2433,8749,7
2025-09-19 18:43:03,132.66.194.211,37.130.47.171,80,TCP,8081,3192,5
2025-09-19 18:43:04,59.104.51.58,204.184.66.250,995,HTTPS,2910,1712,6
2025-09-19 18:43:05,123.230.26.114,202.192.114.114,25,HTTPS,7144,1761,2
2025-09-19 18:43:06,44.13.199.161,100.130.65.110,993,HTTP,4633,1269,2
2025-09-19 18:43:07,23.243.237.243,206.214.63.86,53,TCP,6691,2861,3
2025-09-19 18:43:08,112.109.135.53,77.123.96.215,53,HTTPS,574,745,1
2025-09-19 18:43:09,219.159.47.163,11.74.58.23,443,HTTPS,1772,7902,9
2025-09-19 18:43:10,80.159.24.43,139.206.241.24,53,TCP,2206,6249,6
2025-09-19 18:43:11,8.86.10.8,65.106.13.203,25,TCP,7032,4948,1
2025-09-19 18:43:12,97.10.88.212,188.99.141.50,995,HTTPS,3642,2041,4
2025-09-19 18:43:13,168.81.1.198,107.1.37.142,443,TCP,4991,367,1
2025-09-19 18:43:14,123.59.200.42,134.71.154.241,31337,UDP,1727,9279,4
2025-09-19 18:43:15,30.89.133.82,140.106.143.234,993,HTTPS,3908,6834,7
2025-09-19 18:43:17,144.219.170.54,60.240.241.11,31337,UDP,5477,1265,3
2025-09-19 18:43:18,178.182.144.178,141.32.31.171,21,HTTP,4378,8332,3
2025-09-19 18:43:19,142.117.95.2,23.62.103.102,22,UDP,3533,2787,2
2025-09-19 18:43:20,106.181.6.110,23.42.19.202,25,HTTP,1340,3333,4
2025-09-19 18:43:23,60.230.89.146,143.13.3.161,53,TCP,601,7405,1
2025-09-19 18:43:24,51.211.113.22,202.166.244.148,443,TCP,2511,212,3
2025-09-19 18:43:25,153.158.15.246,170.149.99.205,443,TCP,4543,1028,1
2025-09-19 18:43:26,10.1.45.83,175.199.198.105,110,TCP,9684,4771,4
2025-09-19 18:43:27,109.92.30.39,194.68.229.216,21,TCP,2770,3526,9
2025-09-19 18:43:28,74.194.45.58,194.149.55.119,995,TCP,3720,2921,8
2025-09-19 18:43:29,193.26.252.96,134.215.115.174,21,HTTPS,7927,1103,6
2025-09-19 18:43:30,27.228.61.66,149.198.243.129,80,TCP,3648,7941,4
2025-09-19 18:43:31,63.201.43.166,68.121.29.204,22,HTTP,5560,291,7
2025-09-19 18:43:32,150.194.216.106,139.251.220.36,995,UDP,5016,779,9
2025-09-19 18:43:33,91.86.131.168,216.22.204.112,1337,HTTPS,6354,5884,5
2025-09-19 18:43:34,186.29.228.18,155.243.156.2,22,UDP,3617,6839,5
2025-09-19 18:43:35,64.9.132.238,9.164.102.249,53,HTTP,7824,1886,2
2025-09-19 18:43:36,41.60.188.54,219.92.71.150,25,UDP,2423,3128,8
2025-09-19 18:43:37,141.5.170.220,30.70.32.82,993,TCP,4273,6255,10
2025-09-19 18:43:38,217.164.166.133,104.55.133.70,25,HTTP,2017,6124,7
2025-09-19 18:43:39,34.8.108.229,89.149.24.140,53,HTTP,2754,3039,7
2025-09-19 18:43:40,117.114.234.61,186.134.202.65,995,UDP,3757,2252,1
2025-09-19 18:43:41,31.97.240.178,6.224.22.121,25,TCP,7277,3307,9
2025-09-19 18:43:42,191.106.177.88,166.141.177.35,443,HTTP,4237,2197,8
2025-09-19 18:43:43,26.150.234.167,180.134.130.190,31337,HTTPS,702583,437557,61
2025-09-19 18:43:44,211.145.216.157,66.177.204.180,21,UDP,8605,4449,3
2025-09-19 18:43:45,73.174.175.1,55.30.212.210,25,HTTPS,8909,227,3
2025-09-19 18:43:46,134.48.44.132,102.56.33.41,4444,TCP,4960,3175,10
2025-09-19 18:43:47,197.61.38.203,173.54.139.33,110,UDP,6311,1834,7
2025-09-19 18:43:48,195.166.227.231,19.4.95.97,22,UDP,7254,5634,7
2025-09-19 18:43:49,202.144.212.134,35.214.192.117,25,TCP,3482,281,4
2025-09-19 18:43:51,140.171.64.243,7.233.15.178,443,HTTPS,4056,862,5
2025-09-19 18:43:52,80.217.60.102,71.164.241.251,53,HTTPS,3321,6704,6
2025-09-19 18:43:53,141.145.228.148,14.190.111.19,443,HTTPS,106,8155,3
2025-09-19 18:43:54,9.70.134.220,187.174.249.189,25,UDP,6065,2526,5
2025-09-19 18:43:55,102.55.128.252,15.120.57.17,110,HTTPS,5920,4168,8
2025-09-19 18:43:56,64.240.36.212,137.55.3.235,21,HTTP,692122,415825,194
2025-09-19 18:43:57,6.127.58.220,92.126.121.236,995,HTTP,4823,8100,4
2025-09-19 18:43:58,167.213.110.94,41.58.187.233,21,HTTPS,4926,1328,8
2025-09-19 18:43:59,48.173.89.54,62.135.103.250,443,HTTP,2627,2492,7
2025-09-19 18:44:00,85.113.84.174,148.221.35.94,80,HTTPS,3787,1166,10
2025-09-19 18:44:02,121.187.35.114,56.204.13.48,80,HTTPS,8465,4415,3
2025-09-19 18:44:04,65.113.20.19,204.35.126.33,80,HTTPS,1718,4072,5
2025-09-19 18:44:05,75.2.118.190,120.150.228.38,53,UDP,5254,1075,8
2025-09-19 18:44:06,112.52.90.114,204.229.101.232,110,HTTPS,1906,1884,4
2025-09-19 18:44:07,105.6.96.227,168.32.10.218,25,UDP,3926,4330,3
2025-09-19 18:44:08,80.163.213.17,76.194.231.195,53,UDP,170,7604,4
2025-09-19 18:44:09,223.107.91.63,46.72.141.125,53,HTTPS,7960,3357,7
2025-09-19 18:44:10,80.31.200.76,183.120.14.201,21,HTTPS,3631,5015,2
2025-09-19 18:44:11,142.51.28.125,220.41.105.113,110,HTTP,3043,3465,5
2025-09-19 18:44:12,67.182.126.114,76.51.1.88,22,TCP,1391,7882,4
2025-09-19 18:44:13,128.186.174.30,61.71.182.169,993,HTTP,8191,8498,1
2025-09-19 18:44:14,21.98.22.197,181.58.244.26,21,HTTPS,983,3417,7
2025-09-19 18:44:16,111.94.67.113,138.127.214.40,995,HTTPS,7270,5027,7
2025-09-19 18:44:17,192.87.217.21,112.197.250.43,110,HTTPS,695,1861,3
2025-09-19 18:44:18,53.214.211.123,98.114.17.32,110,UDP,9704,3807,9
2025-09-19 18:44:19,71.81.216.235,5.191.95.125,995,HTTPS,1532,3445,8
2025-09-19 18:44:20,151.205.78.56,206.47.246.208,993,TCP,7847,3432,7
2025-09-19 18:44:21,49.5.132.26,161.143.9.78,21,UDP,9156,4108,1
2025-09-19 18:44:22,147.75.48.230,128.186.144.231,993,HTTP,8408,3900,3
2025-09-19 18:44:24,204.189.10.112,42.143.173.72,31337,HTTP,7292,5580,6
2025-09-19 18:44:25,122.189.59.57,187.33.14.99,80,HTTP,2325,4545,2
2025-09-19 18:44:26,149.61.93.61,133.55.102.171,53,TCP,6201,8568,10
2025-09-19 18:44:27,114.133.6.123,209.23.85.132,22,HTTPS,915,4799,4
2025-09-19 18:44:28,104.202.225.69,206.74.241.235,995,UDP,3366,1552,4
2025-09-19 18:44:29,210.135.52.107,198.120.106.155,110,UDP,5004,9492,7
2025-09-19 18:44:30,193.198.1.5,76.125.250.6,53,TCP,2302,1897,4
2025-09-19 18:44:32,70.205.141.117,63.9.209.195,53,TCP,2605,601,3
2025-09-19 18:44:33,195.144.108.41,23.232.103.226,21,UDP,7636,2597,5
2025-09-19 18:44:34,108.181.190.218,140.44.195.229,110,TCP,5569,2859,9
2025-09-19 18:44:35,126.64.252.146,205.196.65.78,110,HTTP,2142,1687,2
2025-09-19 18:44:36,198.86.84.85,140.8.36.106,1337,UDP,7878,9489,7
2025-09-19 18:44:37,27.72.177.239,97.53.156.132,25,HTTP,1351,3144,2
2025-09-19 18:44:38,20.6.147.55,174.70.84.100,110,UDP,2599,8971,4
2025-09-19 18:44:39,217.137.72.34,54.225.13.185,993,TCP,2084,632,5
2025-09-19 18:44:40,98.170.235.160,190.120.111.20,4444,UDP,8149,7133,10
2025-09-19 18:44:41,197.185.225.118,57.143.123.187,31337,TCP,3448,7119,1
2025-09-19 18:44:42,169.108.219.176,51.176.133.95,1337,HTTP,9041,2857,10
2025-09-19 18:44:44,151.223.206.233,217.192.161.236,25,TCP,6968,2976,6
2025-09-19 18:44:45,219.194.150.72,150.142.43.145,1337,HTTPS,512,2653,5
2025-09-19 18:44:46,82.117.99.247,103.88.136.208,21,HTTP,8502,9133,7
2025-09-19 18:44:47,69.175.89.169,196.211.37.149,443,TCP,141024,133913,174
2025-09-19 18:44:48,45.76.80.69,19.195.50.133,993,UDP,8794,9827,2
2025-09-19 18:44:49,205.5.118.48,22.229.123.24,22,UDP,1418,135,7
2025-09-19 18:44:50,171.194.142.92,113.97.47.182,995,TCP,7351,8026,10
2025-09-19 18:44:51,47.227.94.112,176.57.191.59,25,TCP,8532,2401,7
2025-09-19 18:44:52,52.194.32.32,85.154.101.166,21,UDP,617868,477534,128
2025-09-19 18:44:53,46.247.148.49,164.79.181.43,31337,HTTP,1984,9131,4
2025-09-19 18:44:54,153.157.111.60,209.193.178.168,25,UDP,8769,187,6
2025-09-19 18:44:55,100.161.46.198,208.138.234.171,21,UDP,2086,420,2
2025-09-19 18:44:56,186.249.230.112,167.97.172.130,80,HTTPS,6254,5667,2
2025-09-19 18:44:58,50.106.65.63,25.11.179.82,80,TCP,6761,3973,8
2025-09-19 18:44:59,117.146.66.177,72.172.254.209,25,HTTP,3266,5418,7
2025-09-19 18:45:00,208.130.7.116,119.26.22.230,1337,TCP,1649,7351,4
2025-09-19 18:45:01,184.49.5.119,173.130.19.172,25,UDP,2502,8253,9
2025-09-19 18:45:02,105.232.59.198,213.55.98.169,25,TCP,685,4316,3
2025-09-19 18:45:03,220.151.111.146,195.157.135.217,6666,UDP,2149,5029,4
2025-09-19 18:45:04,43.7.170.221,183.70.50.218,443,HTTP,4912,5889,1
2025-09-19 18:45:05,55.172.11.244,29.251.208.183,1337,HTTPS,9313,3213,3
2025-09-19 18:45:06,90.22.85.156,36.218.255.228,21,TCP,1267,759,8
2025-09-19 18:45:07,84.19.56.47,192.19.170.241,443,TCP,7634,3734,9
2025-09-19 18:45:08,28.98.129.66,117.32.27.46,993,UDP,5046,4119,8
2025-09-19 18:45:09,69.38.117.69,169.197.239.38,443,HTTPS,9640,1762,5
2025-09-19 18:45:10,86.10.201.155,60.172.244.186,995,TCP,1355,9090,3
2025-09-19 18:45:11,82.88.191.142,120.178.164.187,21,HTTP,7108,5509,4
2025-09-19 18:45:12,9.172.203.245,108.162.42.138,443,HTTP,6365,9309,3
2025-09-19 18:45:13,38.55.147.82,88.29.80.55,25,HTTP,3083,6372,1
2025-09-19 18:45:15,64.81.44.75,217.82.8.58,995,HTTPS,5739,7377,7
2025-09-19 18:45:16,202.131.187.199,148.64.152.62,80,HTTP,2172,9233,8
2025-09-19 18:45:17,5.17.198.23,33.220.241.155,80,HTTP,8344,6502,7
2025-09-19 18:45:20,118.181.58.235,199.61.105.91,25,HTTP,820,2425,6
2025-09-19 18:45:21,189.97.219.245,87.187.38.213,21,HTTP,6728,3491,3
2025-09-19 18:45:22,28.147.63.49,94.207.213.180,443,TCP,5602,9915,2
2025-09-19 18:45:23,137.145.132.140,192.151.26.176,993,UDP,9853,2298,5
2025-09-19 18:45:24,50.199.104.221,85.188.200.172,443,TCP,2985,9257,1
2025-09-19 18:45:25,108.109.137.113,172.209.13.181,995,HTTP,660,3912,7
2025-09-19 18:45:26,42.84.35.101,78.193.58.18,25,TCP,5491,3846,7
2025-09-19 18:45:27,180.73.191.48,212.47.190.37,6666,HTTPS,9444,3902,10
2025-09-19 18:45:28,41.85.240.103,188.168.51.255,993,UDP,9067,2771,1
2025-09-19 18:45:29,46.127.141.204,106.243.255.173,53,TCP,2982,1460,4
2025-09-19 18:45:30,60.34.107.14,187.135.219.104,110,TCP,7541,8131,10
2025-09-19 18:45:33,63.155.75.77,144.120.195.197,22,HTTPS,935,5216,7
2025-09-19 18:45:34,15.143.235.80,218.10.190.74,80,UDP,4770,6113,5
2025-09-19 18:45:35,11.190.113.131,86.243.164.96,53,HTTP,5175,5267,6
2025-09-19 18:45:36,15.84.43.140,50.19.151.105,22,HTTPS,2475,8144,8
2025-09-19 18:45:37,132.203.1.199,142.231.189.49,21,HTTP,2505,4060,9
2025-09-19 18:45:39,106.200.155.224,13.23.141.8,110,HTTPS,4399,1653,7
2025-09-19 18:45:40,204.33.185.208,220.174.177.225,21,UDP,4683,8559,8
2025-09-19 18:45:41,12.30.105.61,130.11.60.75,21,HTTP,4344,4148,4
2025-09-19 18:45:42,207.248.101.80,48.234.97.122,25,HTTP,9713,9992,5
2025-09-19 18:45:43,112.251.76.36,75.46.69.145,25,UDP,2139,7441,5
2025-09-19 18:45:44,200.150.219.142,156.79.22.128,21,TCP,4987,4972,5
2025-09-19 18:45:45,153.13.98.130,118.148.2.166,993,TCP,9791,2141,3
2025-09-19 18:45:46,215.136.51.222,34.19.224.166,21,UDP,4980,4818,2
2025-09-19 18:45:47,160.116.171.24,85.40.202.153,443,HTTP,3709,1273,1
2025-09-19 18:45:48,106.58.47.43,77.52.232.95,995,HTTPS,5716,1597,4
2025-09-19 18:45:49,118.65.125.201,134.62.214.182,80,UDP,691106,769773,57
2025-09-19 18:45:51,108.30.15.82,71.16.126.202,110,HTTPS,9214,2226,8
2025-09-19 18:45:52,138.255.100.84,128.45.93.213,21,UDP,5959,7285,5
2025-09-19 18:45:53,6.237.85.224,169.51.85.198,21,TCP,3872,4134,3
2025-09-19 18:45:54,182.244.69.105,94.33.144.214,110,HTTPS,3139,2529,4
2025-09-19 18:45:55,56.152.50.108,166.95.112.38,993,UDP,418,7361,3
2025-09-19 18:45:56,145.5.194.76,208.208.251.97,22,TCP,2551,3122,3
2025-09-19 18:45:57,10.239.1.26,84.228.172.43,80,HTTP,1367,8664,3
2025-09-19 18:45:58,23.224.78.53,93.168.101.69,443,HTTPS,8316,6381,2
2025-09-19 18:45:59,138.53.251.28,165.252.20.48,110,TCP,4896,1384,5
2025-09-19 18:46:00,62.121.210.80,58.162.171.42,22,HTTP,9450,9481,4
2025-09-19 18:46:01,185.37.130.49,137.214.214.136,443,UDP,5763,4796,10
2025-09-19 18:46:02,169.177.170.205,30.18.10.39,22,HTTPS,5099,8043,1
2025-09-19 18:46:03,39.129.239.8,5.85.136.159,443,TCP,2526,5165,6
2025-09-19 18:46:04,144.201.2.129,217.185.96.210,80,HTTPS,159480,741316,88
2025-09-19 18:46:05,39.9.203.57,139.113.149.38,110,UDP,4605,8799,9
2025-09-19 18:46:06,18.108.219.81,1.237.85.105,1337,TCP,4588,5238,7
2025-09-19 18:46:07,151.218.242.175,158.6.4.79,995,HTTP,941,4635,4
2025-09-19 18:46:08,16.224.250.240,12.109.25.243,21,HTTP,1842,1324,9
2025-09-19 18:46:09,55.100.24.77,113.238.133.53,31337,UDP,8655,6947,1
2025-09-19 18:46:10,97.189.126.51,13.116.92.129,80,HTTPS,7927,7117,1
2025-09-19 18:46:12,55.216.171.249,96.137.26.23,80,HTTPS,6035,1258,3
2025-09-19 18:46:13,184.223.242.121,45.101.220.210,21,UDP,4379,2294,5
2025-09-19 18:46:14,13.228.168.139,173.110.84.60,53,HTTPS,3818,6881,9
2025-09-19 18:46:16,52.254.195.122,49.16.220.120,21,HTTPS,4211,4923,3
2025-09-19 18:46:17,39.58.134.192,112.87.51.27,1337,UDP,5271,7243,5
2025-09-19 18:46:18,176.137.69.58,51.99.6.130,21,HTTPS,2880,8598,9
2025-09-19 18:46:19,71.27.40.244,65.123.175.103,993,HTTP,836,2461,8
2025-09-19 18:46:20,89.212.239.185,50.231.103.42,21,UDP,8461,9959,1
2025-09-19 18:46:21,63.78.233.214,124.78.251.49,110,HTTP,3090,4948,1
2025-09-19 18:46:22,154.156.81.59,184.131.97.32,1337,HTTPS,265,8643,9
2025-09-19 18:46:23,106.39.109.177,74.210.168.160,995,UDP,6490,5617,4
2025-09-19 18:46:24,27.46.191.35,116.171.213.171,53,UDP,4190,1830,1
2025-09-19 18:46:25,56.28.161.142,13.141.207.223,53,HTTPS,2713,6243,8
2025-09-19 18:46:26,143.131.104.244,42.100.22.245,443,UDP,1963,3347,5
2025-09-19 18:46:27,122.184.115.26,167.169.240.183,25,TCP,1621,6865,7
2025-09-19 18:46:28,129.0.135.37,122.82.16.220,4444,HTTP,9195,3744,2
2025-09-19 18:46:31,97.162.1.102,22.161.10.23,110,TCP,1820,112,8
2025-09-19 18:46:32,156.41.245.53,69.177.108.137,6666,TCP,4336,923,2
2025-09-19 18:46:33,153.41.34.164,117.19.120.84,993,HTTPS,8651,7913,7
2025-09-19 18:46:34,62.0.218.47,82.224.198.252,22,UDP,6003,9927,4
2025-09-19 18:46:35,64.44.253.129,112.35.138.92,21,UDP,9673,5337,3
2025-09-19 18:46:36,192.254.211.106,175.164.43.169,25,HTTPS,3492,9414,8
2025-09-19 18:46:37,33.139.33.155,11.92.125.162,443,HTTPS,6278,5765,8
2025-09-19 18:46:39,47.80.25.182,145.174.57.62,22,UDP,4751,3581,4
2025-09-19 18:46:40,143.255.133.11,44.169.5.185,4444,UDP,5580,530,9
2025-09-19 18:46:41,119.36.54.127,45.136.45.166,110,TCP,8478,3586,8
2025-09-19 18:46:42,134.13.219.97,39.163.214.250,80,HTTP,6565,1208,3
2025-09-19 18:46:43,216.3.6.167,137.233.170.53,110,HTTP,6966,8890,3
2025-09-19 18:46:44,3.156.101.197,179.252.38.180,25,TCP,7934,7298,9
2025-09-19 18:46:45,41.238.87.18,197.212.116.97,80,HTTPS,9574,3537,6
2025-09-19 18:46:46,196.222.188.202,169.35.39.16,53,HTTPS,1036,8237,4
2025-09-19 18:46:47,25.72.43.196,44.99.11.27,110,HTTP,220509,751279,165
2025-09-19 18:46:48,216.78.101.37,216.248.184.202,993,UDP,7176,1558,7
2025-09-19 18:46:49,39.4.180.225,189.13.45.18,53,UDP,6885,8631,3
2025-09-19 18:46:50,137.165.138.29,41.123.130.125,53,HTTP,5374,2241,4
2025-09-19 18:46:51,52.30.31.63,48.255.137.142,110,UDP,7875,9901,9
2025-09-19 18:46:52,211.244.216.109,103.103.40.82,80,HTTPS,282,1985,1
2025-09-19 18:46:53,63.135.212.41,116.50.114.41,995,UDP,1725,418,5
2025-09-19 18:46:54,162.62.89.21,152.115.137.228,110,UDP,1951,1644,1
2025-09-19 18:46:55,197.65.24.177,174.198.126.232,22,UDP,5196,4087,9
2025-09-19 18:46:56,53.112.190.53,165.15.197.176,995,HTTPS,3557,2086,10
2025-09-19 18:46:57,40.218.35.249,17.172.100.211,53,HTTP,9765,8498,1
2025-09-19 18:46:59,131.216.69.102,202.212.0.156,443,HTTPS,2638,8109,4
2025-09-19 18:47:00,104.38.112.200,106.179.165.227,22,HTTPS,7004,2014,4
2025-09-19 18:47:01,126.70.166.102,79.225.155.128,993,UDP,9210,6316,1
2025-09-19 18:47:02,38.22.229.103,141.225.81.129,993,UDP,2740,2909,2
2025-09-19 18:47:04,8.102.63.157,40.185.205.35,4444,HTTPS,4246,7000,10
2025-09-19 18:47:05,8.8.73.173,74.226.32.50,53,HTTPS,4435,808,9
2025-09-19 18:47:06,42.108.147.19,28.37.160.48,4444,HTTP,307,7670,5
2025-09-19 18:47:07,39.102.195.197,90.195.162.141,25,HTTP,7850,7995,9
2025-09-19 18:47:08,35.251.11.35,155.59.2.79,22,HTTP,7328,1962,10
2025-09-19 18:47:09,58.218.210.219,96.183.173.146,443,HTTP,7843,956,6
2025-09-19 18:47:10,65.76.135.180,62.236.242.188,22,HTTP,4321,5816,10
2025-09-19 18:47:11,197.99.203.69,5.132.2.37,53,TCP,1320,8536,7
2025-09-19 18:47:12,23.202.223.180,143.114.132.251,25,HTTPS,2364,5399,9
2025-09-19 18:47:13,69.33.137.234,196.216.49.235,53,HTTP,5765,5584,9
2025-09-19 18:47:14,30.104.45.156,76.170.51.17,21,HTTP,5774,7250,6
2025-09-19 18:47:15,222.112.164.235,138.106.0.231,443,UDP,6420,8964,5
2025-09-19 18:47:16,158.199.138.120,128.119.232.74,22,TCP,4319,7806,5
2025-09-19 18:47:17,108.188.140.38,182.82.21.60,21,UDP,6498,5413,9
2025-09-19 18:47:18,59.123.94.186,151.198.244.204,6666,HTTP,5760,8322,10
2025-09-19 18:47:19,133.169.159.238,126.106.226.150,25,UDP,4092,4897,6
2025-09-19 18:47:20,47.144.28.252,65.152.164.68,25,HTTPS,9388,6577,9
2025-09-19 18:47:21,208.234.239.212,157.215.176.141,995,HTTP,3523,1493,9
2025-09-19 18:47:22,103.154.64.105,181.6.230.149,22,UDP,5763,9802,1
2025-09-19 18:47:23,53.242.94.105,85.130.253.46,110,HTTPS,595123,467699,119
2025-09-19 18:47:24,157.255.124.221,27.137.23.12,110,TCP,6661,2356,5
2025-09-19 18:47:25,153.125.87.213,90.2.225.167,22,TCP,7252,2724,1
2025-09-19 18:47:26,49.200.151.190,147.250.131.105,22,HTTP,5030,8024,4
2025-09-19 18:47:29,33.208.203.44,173.66.24.214,21,TCP,8215,2920,10
2025-09-19 18:47:31,68.200.255.64,145.77.104.245,80,TCP,9119,8060,8
2025-09-19 18:47:32,214.133.168.16,46.115.217.95,53,TCP,5625,2317,1
2025-09-19 18:47:33,170.70.231.213,1.216.16.197,22,TCP,1022,6241,10
2025-09-19 18:47:34,58.28.75.175,22.116.211.86,80,HTTP,8318,6828,4
2025-09-19 18:47:35,129.207.60.173,65.199.150.124,995,UDP,4360,4317,9
2025-09-19 18:47:36,84.99.113.228,156.246.199.176,80,HTTPS,3170,5768,10
2025-09-19 18:47:40,77.51.121.152,53.146.13.81,22,HTTPS,5104,4499,8
2025-09-19 18:47:41,45.53.215.49,95.119.108.106,53,HTTP,1561,5682,10
2025-09-19 18:47:42,73.82.44.201,123.28.54.32,22,TCP,6665,5757,2
2025-09-19 18:47:43,92.239.37.235,37.93.104.172,25,HTTPS,7437,917,4
2025-09-19 18:47:45,54.145.132.170,119.158.107.36,443,HTTPS,4140,4358,8
2025-09-19 18:47:46,15.135.211.214,118.18.45.132,993,TCP,8984,1660,8
2025-09-19 18:47:47,114.132.80.218,207.229.90.248,21,HTTPS,161,5678,10
2025-09-19 18:47:48,102.69.38.103,66.14.90.123,22,HTTP,9789,5900,2
2025-09-19 18:47:49,216.248.123.82,205.84.136.57,443,HTTPS,3448,1544,6
2025-09-19 18:47:50,14.46.174.107,104.162.60.75,80,TCP,8629,9937,7
2025-09-19 18:47:51,116.115.150.242,174.94.116.10,995,TCP,2658,7987,5
2025-09-19 18:47:52,128.156.84.53,177.190.194.244,4444,TCP,7820,1162,8
2025-09-19 18:47:53,149.188.37.4,178.58.199.11,21,HTTPS,8790,8408,6
2025-09-19 18:47:54,6.61.15.110,178.228.22.177,993,UDP,5896,4352,9
2025-09-19 18:47:55,37.159.120.172,165.92.2.160,21,HTTP,9006,2611,4
2025-09-19 18:47:56,20.150.39.175,141.174.85.185,21,HTTP,4218,1881,10
2025-09-19 18:47:57,113.14.169.20,131.247.102.203,110,HTTPS,192,1574,2
2025-09-19 18:47:58,112.8.180.93,149.32.203.104,1337,HTTPS,9362,4237,2
2025-09-19 18:47:59,25.18.206.52,35.89.236.44,80,HTTPS,9536,1354,3
2025-09-19 18:48:01,79.157.10.60,133.68.6.86,1337,TCP,8444,5271,2
2025-09-19 18:48:02,92.238.109.49,61.169.87.239,21,HTTPS,1324,403,10
2025-09-19 18:48:05,20.91.190.101,219.176.31.18,22,HTTPS,5889,9435,8
2025-09-19 18:48:06,110.13.139.157,92.7.232.208,1337,HTTP,7285,3422,7
2025-09-19 18:48:07,179.239.56.111,59.152.138.165,80,HTTP,8041,1607,8
2025-09-19 18:48:08,12.71.111.73,149.121.184.122,443,HTTPS,8172,3878,8
2025-09-19 18:48:09,21.9.2.96,168.61.69.192,110,UDP,9496,5494,1
2025-09-19 18:48:11,221.237.251.207,108.255.25.36,25,HTTP,1419,8837,1
2025-09-19 18:48:12,53.95.109.174,114.97.146.225,443,TCP,6780,6994,6
2025-09-19 18:48:13,70.64.12.99,9.232.84.10,21,HTTPS,5922,9270,3
2025-09-19 18:48:14,67.198.120.185,215.196.249.30,21,UDP,7167,3908,5
2025-09-19 18:48:15,191.151.141.58,201.239.13.7,995,HTTP,5913,3901,5
2025-09-19 18:48:16,181.232.160.34,40.34.250.199,25,HTTPS,1946,4023,1
2025-09-19 18:48:17,74.250.212.27,86.170.67.131,995,HTTPS,4698,4923,7
2025-09-19 18:48:18,191.143.216.236,13.203.109.214,25,HTTPS,7850,4948,3
2025-09-19 18:48:19,40.3.123.13,197.153.126.87,4444,HTTPS,1714,585,4
2025-09-19 18:48:20,170.17.60.178,154.49.57.163,21,TCP,1329,5193,9
2025-09-19 18:48:21,19.241.3.90,29.0.4.49,22,HTTP,9044,129,1
2025-09-19 18:48:22,94.97.34.143,66.65.45.239,80,HTTP,6239,9438,3
2025-09-19 18:48:23,135.9.236.20,129.142.206.200,993,UDP,9730,3011,9
2025-09-19 18:48:24,27.91.2.74,152.156.243.59,25,HTTP,3698,2820,2
2025-09-19 18:48:25,55.136.228.143,195.248.23.175,110,HTTP,6024,3088,10
2025-09-19 18:48:26,217.34.99.77,13.3.215.238,110,UDP,3973,5359,4
2025-09-19 18:48:27,15.59.175.251,111.226.21.26,21,TCP,9853,2831,4
2025-09-19 18:48:28,50.61.253.50,187.146.95.80,25,HTTP,5794,7218,6
2025-09-19 18:48:29,136.178.18.108,75.98.39.199,995,TCP,8383,1368,4
2025-09-19 18:48:30,210.220.184.144,114.191.93.219,995,HTTP,730384,727486,198
2025-09-19 18:48:32,184.57.76.154,86.57.115.161,21,HTTP,6691,2230,3
2025-09-19 18:48:33,109.88.234.188,27.51.247.203,53,UDP,6964,3857,1
2025-09-19 18:48:34,170.127.156.50,165.78.216.11,21,UDP,6380,4145,2
2025-09-19 18:48:35,89.205.53.179,136.81.104.97,80,HTTP,9686,505,6
2025-09-19 18:48:38,148.21.150.56,83.228.126.54,4444,UDP,4584,6534,5
2025-09-19 18:48:39,9.245.154.226,195.55.124.159,53,TCP,1795,2534,1
2025-09-19 18:48:40,91.109.57.181,207.237.70.14,995,HTTP,4136,8321,6
2025-09-19 18:48:41,90.135.102.194,111.243.17.226,22,HTTPS,3624,2087,5
2025-09-19 18:48:42,72.49.171.65,54.224.29.126,21,TCP,6206,5408,7
2025-09-19 18:48:43,190.36.30.0,3.24.91.63,993,HTTP,4793,7869,4
2025-09-19 18:48:44,162.193.182.115,124.203.54.177,53,TCP,6860,4678,8
2025-09-19 18:48:45,218.190.33.163,44.162.175.97,995,TCP,2111,5087,5
2025-09-19 18:48:46,152.63.227.150,157.1.103.100,995,TCP,3228,6507,2
2025-09-19 18:48:47,91.252.173.157,203.238.152.86,53,HTTPS,1959,7534,7
2025-09-19 18:48:49,172.3.77.95,114.126.128.181,443,HTTP,3029,2012,2
2025-09-19 18:48:50,63.98.182.33,190.176.7.110,443,HTTPS,2594,6503,1
2025-09-19 18:48:51,22.171.138.136,173.182.121.153,110,UDP,6704,2954,10
2025-09-19 18:48:52,176.196.245.14,113.128.69.60,110,HTTPS,3251,6334,7
2025-09-19 18:48:53,101.12.5.131,61.123.240.241,443,HTTPS,3665,9816,9
2025-09-19 18:48:54,62.254.138.225,35.90.147.119,80,HTTP,768,2695,10
2025-09-19 18:48:57,78.33.41.44,65.168.179.249,995,UDP,3583,1308,6
2025-09-19 18:48:58,183.98.6.26,158.160.49.254,25,UDP,6561,4048,1
2025-09-19 18:48:59,34.216.103.111,93.168.10.239,4444,UDP,398399,138800,88
2025-09-19 18:49:00,88.103.75.42,167.238.232.190,4444,HTTP,2097,3479,9
2025-09-19 18:49:02,107.110.183.17,14.161.80.101,22,UDP,9555,8579,4
2025-09-19 18:49:03,145.55.89.1,57.108.90.39,993,TCP,4285,5873,1
2025-09-19 18:49:04,129.6.209.55,107.97.241.59,25,TCP,6963,5107,4
2025-09-19 18:49:05,200.65.135.250,26.68.236.75,110,HTTP,4575,9567,7
2025-09-19 18:49:06,46.57.138.124,149.56.246.196,993,TCP,130,8956,3
2025-09-19 18:49:07,50.191.79.200,40.20.14.96,443,HTTPS,1735,3508,7
2025-09-19 18:49:08,39.90.13.107,191.124.53.86,110,UDP,3779,2752,4
2025-09-19 18:49:09,209.203.71.218,184.229.253.251,4444,HTTPS,5148,3853,8
2025-09-19 18:49:10,217.214.60.161,73.45.54.173,25,HTTPS,6249,9238,10
2025-09-19 18:49:11,51.120.254.144,37.197.89.76,21,TCP,6163,7619,10
2025-09-19 18:49:12,204.17.115.29,214.58.87.157,443,TCP,4790,4581,3
2025-09-19 18:49:13,131.231.235.249,107.28.105.194,53,HTTP,4306,3330,5
2025-09-19 18:49:15,223.221.209.180,168.82.152.216,6666,HTTPS,2000,777,1
2025-09-19 18:49:17,138.169.139.100,96.141.246.119,993,HTTP,7314,2089,6
2025-09-19 18:49:18,32.70.7.102,212.130.241.108,25,HTTP,4071,7386,2
2025-09-19 18:49:19,104.27.15.240,77.248.163.164,993,HTTP,1216,686,4
2025-09-19 18:49:20,24.25.140.192,115.106.238.153,53,UDP,4080,7887,6
2025-09-19 18:49:21,123.86.191.4,154.98.241.76,25,UDP,2637,4737,10
2025-09-19 18:49:22,4.89.45.170,106.1.106.36,22,HTTPS,2305,5411,4
2025-09-19 18:49:23,91.27.153.22,83.199.49.125,53,HTTP,8218,8450,2
2025-09-19 18:49:24,76.36.161.200,114.15.25.129,25,HTTP,6730,9922,9
2025-09-19 18:49:25,173.219.73.9,148.29.213.6,53,HTTP,8084,7968,10
2025-09-19 18:49:26,45.48.78.52,119.135.233.172,22,UDP,8951,152,7
2025-09-19 18:49:28,28.1.144.127,70.61.224.17,443,HTTP,5433,122,4
2025-09-19 18:49:29,93.152.143.151,208.10.152.237,110,HTTP,2596,9060,8
2025-09-19 18:49:30,6.98.95.41,43.205.30.86,22,TCP,2792,1617,2
2025-09-19 18:49:31,197.230.210.117,1.145.13.175,110,HTTPS,8299,2157,5
2025-09-19 18:49:32,65.5.190.118,120.35.237.187,53,UDP,6882,3778,7
2025-09-19 18:49:33,26.150.15.114,74.183.85.71,53,HTTPS,9394,4770,1
2025-09-19 18:49:35,47.31.25.126,182.56.22.239,21,UDP,350006,708176,177
2025-09-19 18:49:36,124.241.124.232,159.239.20.74,993,TCP,3095,3539,2
2025-09-19 18:49:37,175.95.198.30,148.233.21.44,22,UDP,168,7729,5
2025-09-19 18:49:39,112.222.29.149,182.78.104.234,995,UDP,670,8909,2
2025-09-19 18:49:40,36.78.204.165,131.10.229.104,53,HTTP,324,9845,3
2025-09-19 18:49:41,50.67.251.118,19.67.78.249,4444,TCP,3117,7547,2
2025-09-19 18:49:42,105.111.147.252,153.186.187.113,25,HTTP,1081,7114,1
2025-09-19 18:49:43,25.170.251.106,101.220.166.185,31337,HTTPS,838,9562,8
2025-09-19 18:49:44,42.30.144.115,217.115.65.214,995,HTTPS,9289,1235,6
2025-09-19 18:49:45,56.69.101.192,38.143.54.37,995,HTTP,4233,9177,9
2025-09-19 18:49:46,21.188.228.137,107.187.21.151,25,HTTP,8095,3686,3
2025-09-19 18:49:47,203.2.186.161,6.79.41.69,22,HTTP,2110,9689,2
2025-09-19 18:49:48,56.53.83.40,179.221.214.118,53,HTTPS,138891,384892,198
2025-09-19 18:49:49,120.209.67.226,87.41.148.199,6666,UDP,2032,2891,6
2025-09-19 18:49:50,169.125.6.155,222.36.80.200,53,TCP,973,2389,3
2025-09-19 18:49:51,76.95.192.254,43.132.248.97,21,TCP,2046,7818,6
2025-09-19 18:49:52,178.237.86.139,82.159.196.187,25,UDP,8141,6028,6
2025-09-19 18:49:53,14.144.149.223,112.99.99.80,21,HTTP,442,935,1
2025-09-19 18:49:54,206.245.128.48,211.141.155.62,443,TCP,1753,8405,1
2025-09-19 18:49:55,195.0.41.44,125.72.6.177,25,TCP,203,2645,10
2025-09-19 18:49:56,55.181.65.220,38.134.90.254,21,UDP,9984,3185,2
2025-09-19 18:49:57,204.91.228.144,1.32.90.92,31337,HTTPS,2221,9098,7
2025-09-19 18:49:58,220.213.48.237,147.60.26.218,995,UDP,7408,2019,7
2025-09-19 18:49:59,23.122.0.167,200.160.206.238,993,HTTP,177,9974,2
2025-09-19 18:50:00,55.105.88.75,133.137.86.79,22,HTTPS,4250,4911,5
2025-09-19 18:50:01,162.206.2.189,176.55.209.157,110,HTTPS,1395,6953,6
2025-09-19 18:50:02,52.132.161.188,212.215.173.2,22,UDP,201640,377542,113
2025-09-19 18:50:03,158.127.121.137,172.178.169.203,53,UDP,6384,2972,9
2025-09-19 18:50:04,27.198.16.9,83.190.140.49,21,HTTPS,9055,8543,2
2025-09-19 18:50:05,38.114.196.214,50.73.240.250,993,UDP,6182,9114,2
2025-09-19 18:50:08,113.110.122.89,52.219.11.254,22,HTTPS,8043,7429,7
2025-09-19 18:50:10,44.248.2.29,88.232.213.49,993,UDP,6069,3662,3
2025-09-19 18:50:11,152.231.44.232,168.76.221.109,53,UDP,4865,2653,2
2025-09-19 18:50:12,16.206.89.37,19.183.162.25,993,HTTPS,1575,6740,10
2025-09-19 18:50:13,162.61.185.212,58.183.54.54,993,HTTP,3403,5436,9
2025-09-19 18:50:14,124.205.167.165,35.106.80.96,22,UDP,8774,8819,10
2025-09-19 18:50:15,167.104.102.214,71.19.248.48,22,HTTP,203605,521223,82
2025-09-19 18:50:16,53.138.218.131,120.30.184.86,31337,HTTP,5206,1443,9
2025-09-19 18:50:17,208.24.100.76,78.56.48.70,110,UDP,4874,1974,10
2025-09-19 18:50:18,206.46.88.233,10.65.239.169,443,HTTP,6842,3897,2
2025-09-19 18:50:19,119.210.247.109,156.56.194.63,53,HTTPS,9425,7529,6
2025-09-19 18:50:20,195.31.0.69,44.203.77.111,993,HTTPS,5320,6541,6
2025-09-19 18:50:21,59.159.254.67,134.49.176.103,22,UDP,7656,1137,3
2025-09-19 18:50:22,29.41.224.224,175.200.155.68,53,TCP,421189,848711,176
2025-09-19 18:50:23,97.171.177.234,117.101.160.84,110,TCP,1193,7906,9
2025-09-19 18:50:24,97.206.215.24,221.196.255.87,995,HTTP,7697,4055,10
2025-09-19 18:50:25,180.80.224.13,81.124.2.240,53,UDP,6759,1287,8
2025-09-19 18:50:26,86.249.207.173,170.17.96.22,21,UDP,1557,8941,4
2025-09-19 18:50:27,200.100.54.140,190.241.123.15,443,TCP,1790,8457,7
2025-09-19 18:50:28,174.187.119.138,132.84.240.57,80,HTTPS,1654,4491,6
2025-09-19 18:50:29,75.217.12.156,209.214.160.82,80,TCP,7980,6865,7
2025-09-19 18:50:30,209.220.15.106,211.212.79.6,993,HTTPS,4825,5370,10
2025-09-19 18:50:31,157.179.72.20,124.130.222.28,21,TCP,4397,1770,2
2025-09-19 18:50:32,11.48.177.219,66.45.95.39,4444,HTTPS,938335,400038,80
2025-09-19 18:50:33,86.96.5.168,28.23.223.54,993,UDP,411,3505,9
2025-09-19 18:50:34,42.77.2.57,64.139.72.221,80,UDP,5511,5543,1
2025-09-19 18:50:35,8.100.53.92,116.248.123.228,110,TCP,8177,5650,5
2025-09-19 18:50:36,125.98.81.138,81.131.119.100,80,UDP,6083,5186,6
2025-09-19 18:50:37,172.148.11.233,17.176.170.196,21,HTTPS,567,7237,2
2025-09-19 18:50:38,167.38.171.232,88.176.159.171,25,UDP,4777,2244,8
2025-09-19 18:50:39,30.84.28.99,7.14.137.102,1337,UDP,5995,9486,2
2025-09-19 18:50:40,41.155.20.170,113.4.204.106,1337,HTTP,1011,4600,8
2025-09-19 18:50:41,203.209.20.230,153.45.97.16,21,TCP,2703,7124,7
2025-09-19 18:50:42,176.210.13.216,18.252.120.250,80,TCP,393,6611,1
2025-09-19 18:50:43,116.246.92.115,70.162.150.197,80,UDP,6981,2303,3
2025-09-19 18:50:46,77.44.206.53,21.135.83.111,110,TCP,6801,5474,1
2025-09-19 18:50:47,146.25.216.214,21.29.28.51,53,HTTP,1103,2752,2
2025-09-19 18:50:48,160.153.226.41,73.224.41.116,21,HTTP,503,9132,6
2025-09-19 18:50:49,154.141.77.215,136.35.245.39,995,TCP,117537,371143,177
2025-09-19 18:50:50,156.219.193.115,94.52.68.93,80,UDP,1266,7905,9
2025-09-19 18:50:51,63.17.98.78,214.226.98.87,80,HTTP,5693,4591,8
2025-09-19 18:50:52,82.212.1.194,160.195.51.33,31337,HTTPS,6719,2383,2
2025-09-19 18:50:53,73.9.180.129,64.103.94.75,80,UDP,5622,3621,3
2025-09-19 18:50:54,154.107.245.214,169.113.234.25,443,UDP,3184,334,7
2025-09-19 18:50:55,10.138.47.168,53.97.7.46,443,HTTP,496171,329783,86
2025-09-19 18:50:56,123.68.134.171,4.6.19.223,22,TCP,3450,7562,7
2025-09-19 18:50:57,78.10.242.15,104.243.248.105,80,HTTPS,1852,344,8
2025-09-19 18:50:58,200.106.233.11,116.53.197.156,443,UDP,9511,4117,3
2025-09-19 18:50:59,151.210.160.207,156.65.93.63,22,HTTP,9935,9963,10
2025-09-19 18:51:01,115.172.91.54,143.248.227.194,4444,UDP,6497,2379,4
2025-09-19 18:51:02,63.138.137.20,112.185.10.38,25,UDP,8956,4085,7
2025-09-19 18:51:03,20.236.209.18,36.8.37.171,22,HTTPS,6560,600,5
2025-09-19 18:51:04,32.172.203.108,16.92.214.178,21,UDP,8417,3783,1
2025-09-19 18:51:05,128.180.248.0,91.137.188.4,993,TCP,5806,1328,4
2025-09-19 18:51:06,213.80.221.202,41.243.205.12,53,UDP,3285,7334,8
2025-09-19 18:51:07,78.146.139.181,102.221.219.110,443,UDP,9908,5412,10
2025-09-19 18:51:08,192.233.220.212,136.85.152.213,25,TCP,5556,6017,3
2025-09-19 18:51:09,73.244.133.177,210.61.190.144,80,UDP,9969,210,5
2025-09-19 18:51:10,188.95.217.24,130.42.40.111,22,UDP,6641,5078,10
2025-09-19 18:51:11,26.247.5.18,203.126.220.208,80,TCP,8394,4963,4
2025-09-19 18:51:13,215.100.200.158,210.141.64.191,53,TCP,2952,5733,8
2025-09-19 18:51:14,193.206.44.39,219.55.206.78,25,HTTP,118,5684,10
2025-09-19 18:51:15,183.174.29.197,126.74.102.92,22,HTTP,1718,5753,3
2025-09-19 18:51:16,76.1.201.123,110.165.77.106,53,HTTPS,666826,112023,135
2025-09-19 18:51:17,112.142.5.129,96.54.39.161,25,HTTP,4028,4934,1
2025-09-19 18:51:18,76.216.68.250,191.57.68.91,80,HTTP,1443,8607,8
2025-09-19 18:51:19,62.32.34.86,203.195.161.147,110,HTTP,4565,9461,8
2025-09-19 18:51:20,60.34.204.38,196.133.115.229,25,HTTPS,2760,9981,8
2025-09-19 18:51:21,223.103.35.234,131.95.172.154,25,TCP,5970,3454,5
2025-09-19 18:51:22,70.32.85.212,188.142.42.188,110,UDP,7724,6251,8
2025-09-19 18:51:23,144.116.168.196,169.58.210.78,80,HTTPS,3225,924,1
2025-09-19 18:51:24,63.44.154.238,31.15.3.231,1337,HTTP,8361,2451,2
2025-09-19 18:51:25,132.249.178.97,70.149.248.209,25,HTTPS,6098,9329,8
2025-09-19 18:51:26,74.146.220.159,23.53.239.70,110,HTTP,7713,3350,6
2025-09-19 18:51:27,79.31.252.49,40.177.95.4,21,HTTP,9870,8221,1
2025-09-19 18:51:28,206.136.228.252,196.117.74.147,21,HTTP,5002,5652,1
2025-09-19 18:51:29,45.103.13.180,61.140.0.132,4444,TCP,3233,8883,4
2025-09-19 18:51:30,214.46.215.165,116.232.180.55,53,HTTPS,8700,8146,3
2025-09-19 18:51:31,21.88.103.83,62.205.117.112,443,UDP,1953,3785,7
2025-09-19 18:51:32,211.124.168.107,191.13.242.56,53,TCP,9283,9219,5
2025-09-19 18:51:33,114.121.248.252,162.248.213.98,110,UDP,5979,5596,8
2025-09-19 18:51:34,120.106.11.0,22.37.25.249,6666,HTTP,4916,1255,1
2025-09-19 18:51:35,168.107.167.247,214.26.177.162,443,UDP,1370,7180,6
2025-09-19 18:51:36,83.147.242.17,209.2.239.95,53,HTTPS,246,6731,10
2025-09-19 18:51:37,24.86.132.134,26.245.83.245,25,UDP,2221,7421,3
2025-09-19 18:51:38,199.163.79.21,73.73.251.209,31337,UDP,2697,2122,4
2025-09-19 18:51:39,155.169.82.128,192.162.250.63,443,HTTPS,255,5138,4
2025-09-19 18:51:40,57.150.106.30,82.241.77.248,25,UDP,8288,6862,9
2025-09-19 18:51:42,42.87.255.183,122.208.68.12,22,HTTP,5042,4591,2
2025-09-19 18:51:43,150.65.112.164,135.128.204.35,80,HTTP,8885,2085,4
2025-09-19 18:51:44,101.122.161.199,132.36.112.143,31337,HTTP,435815,161338,121
2025-09-19 18:51:46,205.54.217.53,1.125.112.4,6666,UDP,9280,5874,8
2025-09-19 18:51:47,81.128.17.25,167.152.186.88,443,HTTP,1266,5146,2
2025-09-19 18:51:48,197.197.49.198,136.232.129.78,53,HTTP,6678,3738,2
2025-09-19 18:51:49,208.145.78.140,79.139.0.184,995,UDP,385,4380,9
2025-09-19 18:51:50,139.135.155.18,19.185.102.252,21,TCP,4124,780,1
2025-09-19 18:51:51,149.224.251.29,203.134.234.28,1337,UDP,565,5904,7
2025-09-19 18:51:52,30.154.252.46,82.220.44.99,53,HTTP,6374,8905,4
2025-09-19 18:51:53,183.221.86.151,201.113.163.82,25,HTTP,6980,259,4
2025-09-19 18:51:54,182.246.90.2,101.75.79.91,993,HTTPS,8941,717,9
2025-09-19 18:51:55,22.120.134.158,66.166.98.200,110,UDP,478995,364307,154
2025-09-19 18:51:56,30.55.95.171,140.30.0.73,25,HTTP,4402,1985,10
2025-09-19 18:51:57,134.139.99.146,173.58.132.48,995,UDP,1687,8942,7
2025-09-19 18:51:58,74.194.173.121,130.198.144.249,443,HTTPS,3642,9931,8
2025-09-19 18:51:59,69.178.122.115,121.99.29.82,443,HTTPS,1043,5023,7
2025-09-19 18:52:00,176.103.1.149,109.162.165.168,80,TCP,4967,3028,5
2025-09-19 18:52:01,65.48.19.254,94.240.126.62,25,UDP,9329,1451,6
2025-09-19 18:52:02,139.36.1.202,32.170.132.19,4444,UDP,6308,5272,3
2025-09-19 18:52:03,71.131.19.19,22.245.180.80,21,UDP,9329,1118,10
2025-09-19 18:52:04,100.209.74.151,109.209.237.178,22,HTTP,4410,2485,9
2025-09-19 18:52:05,133.162.58.164,133.60.36.194,80,UDP,9119,2589,8
2025-09-19 18:52:06,146.58.202.2,185.220.137.35,443,HTTP,371,5242,8
2025-09-19 18:52:07,116.5.72.96,87.223.174.220,31337,HTTP,2064,6734,10
2025-09-19 18:52:08,46.142.168.97,12.106.54.235,53,UDP,9966,8283,9
2025-09-19 18:52:09,167.65.43.168,11.237.45.100,443,TCP,6257,1314,8
2025-09-19 18:52:11,141.162.216.193,212.66.73.240,995,TCP,9168,1811,8
2025-09-19 18:52:12,143.114.171.113,124.51.193.116,25,UDP,2642,8725,2
2025-09-19 18:52:13,171.114.52.76,23.255.30.125,53,HTTP,6244,3889,2
2025-09-19 18:52:14,165.129.253.11,191.169.235.120,995,HTTPS,1022,9518,3
2025-09-19 18:52:15,98.129.1.59,219.200.166.67,110,HTTPS,7052,1809,6
2025-09-19 18:52:16,20.103.192.57,100.168.186.191,110,TCP,991,1886,5
2025-09-19 18:52:18,171.46.239.159,185.97.177.180,110,HTTPS,9666,8829,1
2025-09-19 18:52:20,81.89.141.142,140.135.77.186,995,HTTPS,6121,3778,9
2025-09-19 18:52:21,47.38.66.48,114.113.124.208,21,HTTPS,6683,9434,2
2025-09-19 18:52:22,163.199.247.73,117.211.132.23,53,HTTP,1758,6143,3
2025-09-19 18:52:23,8.145.111.71,145.70.47.210,21,HTTP,2324,8382,10
2025-09-19 18:52:24,175.82.47.178,210.36.78.141,53,TCP,7268,2033,7
2025-09-19 18:52:25,139.147.210.127,2.178.179.226,443,UDP,3167,9618,10
2025-09-19 18:52:26,18.250.146.217,53.58.31.69,110,HTTP,3482,3220,8
2025-09-19 18:52:27,89.65.220.77,52.25.158.223,443,HTTPS,6802,6569,9
2025-09-19 18:52:29,103.45.119.123,28.244.217.27,993,UDP,2220,2706,8
2025-09-19 18:52:30,181.195.77.214,74.179.201.235,22,HTTP,8662,4710,4
2025-09-19 18:52:31,210.141.148.30,50.194.232.250,993,TCP,550,3164,10
2025-09-19 18:52:32,168.107.35.151,209.179.141.120,80,HTTP,3400,6464,10
2025-09-19 18:52:33,198.59.78.252,197.97.111.222,22,HTTP,5637,6436,8
2025-09-19 18:52:34,174.61.38.7,213.107.217.75,995,TCP,9138,2700,2
2025-09-19 18:52:35,19.122.142.17,70.2.129.227,80,HTTPS,1969,8916,6
2025-09-19 18:52:36,159.21.255.87,165.117.252.21,993,HTTP,6298,1074,4
2025-09-19 18:52:37,182.49.3.28,211.212.76.82,80,TCP,5711,6824,10
2025-09-19 18:52:38,57.34.54.244,55.48.80.66,53,TCP,4417,7050,3
2025-09-19 18:52:39,28.216.202.65,124.74.174.36,995,TCP,828454,272656,62
2025-09-19 18:52:40,166.28.75.14,133.55.179.87,443,TCP,9587,1389,7
2025-09-19 18:52:41,169.60.145.222,104.57.225.27,443,HTTPS,415,9409,5
2025-09-19 18:52:43,139.115.3.188,109.146.126.75,25,HTTPS,5377,2352,10
2025-09-19 18:52:45,69.88.134.254,94.192.194.120,53,HTTPS,7708,7634,7
2025-09-19 18:52:46,156.199.125.3,56.187.127.110,80,UDP,266,5848,9
2025-09-19 18:52:48,175.199.155.163,213.89.25.20,53,TCP,947816,737493,106
2025-09-19 18:52:49,100.192.44.173,5.135.148.17,80,UDP,5782,7367,7
2025-09-19 18:52:50,176.185.218.52,77.177.161.248,21,TCP,852,5936,10
2025-09-19 18:52:51,173.222.53.188,167.74.247.220,110,UDP,9531,8005,3
2025-09-19 18:52:52,45.95.159.10,97.236.192.123,1337,HTTPS,3796,6812,6
2025-09-19 18:52:54,48.188.229.74,11.200.232.187,25,HTTP,7896,1290,2
2025-09-19 18:52:55,74.153.234.103,185.10.173.155,22,TCP,6471,9518,1
2025-09-19 18:52:56,186.230.10.102,133.213.81.0,993,HTTPS,5426,7511,2
2025-09-19 18:52:57,147.102.239.183,190.219.224.74,110,UDP,2481,6073,6
2025-09-19 18:52:58,172.93.89.12,160.171.0.181,993,UDP,9502,9517,10
2025-09-19 18:52:59,132.244.197.71,174.137.170.183,993,TCP,4133,4942,2
2025-09-19 18:53:00,177.197.16.168,178.50.42.143,80,TCP,7546,8391,3
2025-09-19 18:53:01,210.95.220.197,110.170.17.199,80,HTTP,507,688,7
2025-09-19 18:53:02,178.40.81.48,108.220.28.210,53,HTTP,925,5037,1
2025-09-19 18:53:04,198.104.108.25,52.152.134.176,110,HTTPS,1639,140,9
2025-09-19 18:53:05,57.18.234.39,200.135.76.22,25,TCP,3847,7121,10
2025-09-19 18:53:06,211.163.247.128,32.18.1.75,995,TCP,7494,2406,5
2025-09-19 18:53:07,130.32.143.201,138.18.66.198,443,TCP,9664,9713,4
2025-09-19 18:53:08,143.11.223.216,210.182.235.167,443,HTTP,5850,7630,2
2025-09-19 18:53:09,108.59.134.1,27.22.113.148,443,HTTPS,6778,4282,5
2025-09-19 18:53:10,149.170.107.112,160.179.3.179,53,UDP,8405,7344,8
2025-09-19 18:53:11,169.135.149.240,177.173.182.210,80,HTTPS,5813,920,8
2025-09-19 18:53:12,192.65.175.214,5.188.245.27,1337,TCP,6243,5097,6
2025-09-19 18:53:14,167.138.237.215,62.235.201.169,25,HTTPS,1521,8471,2
2025-09-19 18:53:15,33.146.32.4,188.85.112.51,80,HTTP,1768,3058,10
2025-09-19 18:53:16,37.126.120.206,93.248.51.249,22,HTTP,3034,9056,3
2025-09-19 18:53:17,32.58.238.223,97.157.144.243,80,HTTPS,4478,4787,10
2025-09-19 18:53:19,172.30.66.121,196.154.185.234,995,TCP,7028,8727,9
2025-09-19 18:53:20,137.21.139.151,70.194.131.218,110,HTTPS,3627,6303,7
2025-09-19 18:53:21,137.173.228.193,159.20.177.166,80,HTTPS,3200,7067,4
2025-09-19 18:53:22,172.15.143.51,153.249.153.217,25,HTTPS,3662,4821,9
2025-09-19 18:53:23,211.17.37.111,67.217.84.160,995,HTTPS,2463,8830,3
2025-09-19 18:53:24,98.249.228.208,140.189.229.229,995,TCP,9006,238,6
2025-09-19 18:53:25,200.33.123.162,61.142.168.165,21,TCP,1971,757,8
2025-09-19 18:53:26,67.74.197.84,152.187.27.83,21,UDP,7000,6746,9
2025-09-19 18:53:27,13.103.12.60,133.225.231.250,993,HTTPS,8810,6261,7
2025-09-19 18:53:28,135.154.40.4,193.31.226.71,993,UDP,5011,5428,4
2025-09-19 18:53:29,221.75.147.153,102.53.139.169,80,UDP,7053,1002,9
2025-09-19 18:53:30,151.133.64.92,220.46.65.96,53,UDP,579,2143,4
2025-09-19 18:53:31,171.105.246.234,193.229.4.108,993,HTTPS,3911,8654,1
2025-09-19 18:53:32,183.195.194.165,154.92.183.129,25,TCP,3115,2226,2
2025-09-19 18:53:33,47.15.142.232,204.192.128.102,25,TCP,3371,414,6
2025-09-19 18:53:34,209.255.156.51,52.2.61.44,31337,HTTP,3570,8260,7
2025-09-19 18:53:35,129.143.54.9,7.168.35.8,995,TCP,5891,7025,2
2025-09-19 18:53:36,1.126.183.209,149.165.178.205,80,HTTPS,4378,6854,10
2025-09-19 18:53:37,25.204.65.243,121.164.165.106,995,TCP,6121,227,1
2025-09-19 18:53:39,197.228.116.157,198.8.228.175,25,UDP,7669,7021,4
2025-09-19 18:53:40,42.233.124.200,126.163.50.158,80,HTTP,2470,2975,7
2025-09-19 18:53:41,5.89.2.54,70.68.221.212,25,TCP,1318,9037,7
2025-09-19 18:53:42,150.56.26.226,28.162.189.6,4444,UDP,573119,141951,114
2025-09-19 18:53:43,36.117.83.222,76.186.222.128,110,HTTP,3817,1618,2
2025-09-19 18:53:44,185.247.10.188,137.85.140.250,995,UDP,2718,8668,1
2025-09-19 18:53:45,216.24.204.13,144.86.196.32,110,HTTP,6040,8482,2
2025-09-19 18:53:46,98.101.120.4,116.130.190.238,80,HTTPS,542110,559012,132
2025-09-19 18:53:47,124.81.46.181,57.190.107.8,53,HTTP,3273,7418,1
2025-09-19 18:53:48,134.10.175.156,115.162.19.122,53,UDP,6928,2344,1
2025-09-19 18:53:49,120.140.67.247,212.154.189.158,80,HTTPS,1537,5457,5
2025-09-19 18:53:50,159.126.25.65,204.61.126.60,53,HTTPS,3287,1536,7
2025-09-19 18:53:51,145.35.79.140,206.167.204.20,53,HTTPS,729,4399,6
